[{"pk": 1, "model": "contenttypes.contenttype", "fields": {"model": "logentry", "name": "log entry", "app_label": "admin"}}, {"pk": 2, "model": "contenttypes.contenttype", "fields": {"model": "permission", "name": "permission", "app_label": "auth"}}, {"pk": 3, "model": "contenttypes.contenttype", "fields": {"model": "group", "name": "group", "app_label": "auth"}}, {"pk": 4, "model": "contenttypes.contenttype", "fields": {"model": "user", "name": "user", "app_label": "auth"}}, {"pk": 5, "model": "contenttypes.contenttype", "fields": {"model": "contenttype", "name": "content type", "app_label": "contenttypes"}}, {"pk": 6, "model": "contenttypes.contenttype", "fields": {"model": "session", "name": "session", "app_label": "sessions"}}, {"pk": 7, "model": "contenttypes.contenttype", "fields": {"model": "migrationhistory", "name": "migration history", "app_label": "south"}}, {"pk": 8, "model": "contenttypes.contenttype", "fields": {"model": "dataset", "name": "dataset", "app_label": "datasets"}}, {"pk": 9, "model": "contenttypes.contenttype", "fields": {"model": "datasetdocument", "name": "dataset document", "app_label": "datasets"}}, {"pk": 10, "model": "contenttypes.contenttype", "fields": {"model": "datasetrecord", "name": "dataset record", "app_label": "datasets"}}, {"pk": 11, "model": "contenttypes.contenttype", "fields": {"model": "cartogram", "name": "cartogram", "app_label": "cartograms"}}, {"pk": 12, "model": "contenttypes.contenttype", "fields": {"model": "cartogramentity", "name": "cartogram entity", "app_label": "cartograms"}}, {"pk": 13, "model": "contenttypes.contenttype", "fields": {"model": "palette", "name": "palette", "app_label": "choropleths"}}, {"pk": 14, "model": "contenttypes.contenttype", "fields": {"model": "choropleth", "name": "choropleth", "app_label": "choropleths"}}, {"pk": "gwxepmb02d1n44kpitpp3m1r9nnzsnlz", "model": "sessions.session", "fields": {"expire_date": "2014-09-09T21:06:26Z", "session_data": "NDAzMWZmOWJmODM1NjY3YWZjMzlkY2M1OTFlMmNkYjAzZmFlNTFiYzp7Il9hdXRoX3VzZXJfYmFja2VuZCI6ImRqYW5nby5jb250cmliLmF1dGguYmFja2VuZHMuTW9kZWxCYWNrZW5kIiwiX2F1dGhfdXNlcl9pZCI6MX0="}}, {"pk": 1, "model": "south.migrationhistory", "fields": {"applied": "2014-08-26T21:02:41Z", "app_name": "datasets", "migration": "0001_initial"}}, {"pk": 2, "model": "south.migrationhistory", "fields": {"applied": "2014-08-26T21:02:42Z", "app_name": "datasets", "migration": "0002_RemoveChoroplethSpecificFields"}}, {"pk": 3, "model": "south.migrationhistory", "fields": {"applied": "2014-08-26T21:02:43Z", "app_name": "cartograms", "migration": "0001_initial"}}, {"pk": 4, "model": "south.migrationhistory", "fields": {"applied": "2014-08-26T21:02:44Z", "app_name": "choropleths", "migration": "0001_initial"}}, {"pk": 5, "model": "south.migrationhistory", "fields": {"applied": "2014-08-26T21:02:45Z", "app_name": "choropleths", "migration": "0002_auto__chg_field_choropleth_palette"}}, {"pk": 6, "model": "south.migrationhistory", "fields": {"applied": "2014-08-26T21:25:54Z", "app_name": "cartograms", "migration": "0002_AddRegionandSubregionLabels"}}, {"pk": 1, "model": "datasets.datasetrecord", "fields": {"status": false, "cartogram_entity": 205, "created_at": "2014-08-26T21:07:05Z", "modified_at": "2014-08-26T21:07:05Z", "value": "0.096000", "dataset": 1}}, {"pk": 2, "model": "datasets.datasetrecord", "fields": {"status": false, "cartogram_entity": 204, "created_at": "2014-08-26T21:07:05Z", "modified_at": "2014-08-26T21:07:05Z", "value": "0.076000", "dataset": 1}}, {"pk": 3, "model": "datasets.datasetrecord", "fields": {"status": false, "cartogram_entity": 214, "created_at": "2014-08-26T21:07:05Z", "modified_at": "2014-08-26T21:07:05Z", "value": "0.089000", "dataset": 1}}, {"pk": 4, "model": "datasets.datasetrecord", "fields": {"status": false, "cartogram_entity": 210, "created_at": "2014-08-26T21:07:05Z", "modified_at": "2014-08-26T21:07:05Z", "value": "0.073000", "dataset": 1}}, {"pk": 5, "model": "datasets.datasetrecord", "fields": {"status": false, "cartogram_entity": 211, "created_at": "2014-08-26T21:07:05Z", "modified_at": "2014-08-26T21:07:05Z", "value": "0.065000", "dataset": 1}}, {"pk": 6, "model": "datasets.datasetrecord", "fields": {"status": false, "cartogram_entity": 212, "created_at": "2014-08-26T21:07:05Z", "modified_at": "2014-08-26T21:07:05Z", "value": "0.051000", "dataset": 1}}, {"pk": 7, "model": "datasets.datasetrecord", "fields": {"status": false, "cartogram_entity": 152, "created_at": "2014-08-26T21:07:06Z", "modified_at": "2014-08-26T21:07:06Z", "value": "0.079000", "dataset": 1}}, {"pk": 8, "model": "datasets.datasetrecord", "fields": {"status": false, "cartogram_entity": 203, "created_at": "2014-08-26T21:07:06Z", "modified_at": "2014-08-26T21:07:06Z", "value": "0.084000", "dataset": 1}}, {"pk": 9, "model": "datasets.datasetrecord", "fields": {"status": false, "cartogram_entity": 215, "created_at": "2014-08-26T21:07:06Z", "modified_at": "2014-08-26T21:07:06Z", "value": "0.052000", "dataset": 1}}, {"pk": 10, "model": "datasets.datasetrecord", "fields": {"status": false, "cartogram_entity": 208, "created_at": "2014-08-26T21:07:06Z", "modified_at": "2014-08-26T21:07:06Z", "value": "0.068000", "dataset": 1}}, {"pk": 11, "model": "datasets.datasetrecord", "fields": {"status": false, "cartogram_entity": 202, "created_at": "2014-08-26T21:07:06Z", "modified_at": "2014-08-26T21:07:06Z", "value": "0.080000", "dataset": 1}}, {"pk": 12, "model": "datasets.datasetrecord", "fields": {"status": false, "cartogram_entity": 199, "created_at": "2014-08-26T21:07:06Z", "modified_at": "2014-08-26T21:07:06Z", "value": "0.051000", "dataset": 1}}, {"pk": 13, "model": "datasets.datasetrecord", "fields": {"status": false, "cartogram_entity": 213, "created_at": "2014-08-26T21:07:06Z", "modified_at": "2014-08-26T21:07:06Z", "value": "0.103000", "dataset": 1}}, {"pk": 14, "model": "datasets.datasetrecord", "fields": {"status": false, "cartogram_entity": 209, "created_at": "2014-08-26T21:07:06Z", "modified_at": "2014-08-26T21:07:06Z", "value": "0.071000", "dataset": 1}}, {"pk": 15, "model": "datasets.datasetrecord", "fields": {"status": false, "cartogram_entity": 117, "created_at": "2014-08-26T21:07:06Z", "modified_at": "2014-08-26T21:07:06Z", "value": "0.072000", "dataset": 1}}, {"pk": 16, "model": "datasets.datasetrecord", "fields": {"status": false, "cartogram_entity": 206, "created_at": "2014-08-26T21:07:06Z", "modified_at": "2014-08-26T21:07:06Z", "value": "0.058000", "dataset": 1}}, {"pk": 17, "model": "datasets.datasetrecord", "fields": {"status": false, "cartogram_entity": 44, "created_at": "2014-08-26T21:07:06Z", "modified_at": "2014-08-26T21:07:06Z", "value": "0.062000", "dataset": 1}}, {"pk": 18, "model": "datasets.datasetrecord", "fields": {"status": false, "cartogram_entity": 223, "created_at": "2014-08-26T21:07:06Z", "modified_at": "2014-08-26T21:07:06Z", "value": "0.086000", "dataset": 1}}, {"pk": 19, "model": "datasets.datasetrecord", "fields": {"status": false, "cartogram_entity": 37, "created_at": "2014-08-26T21:07:06Z", "modified_at": "2014-08-26T21:07:06Z", "value": "0.078000", "dataset": 1}}, {"pk": 20, "model": "datasets.datasetrecord", "fields": {"status": false, "cartogram_entity": 14, "created_at": "2014-08-26T21:07:06Z", "modified_at": "2014-08-26T21:07:06Z", "value": "0.089000", "dataset": 1}}, {"pk": 21, "model": "datasets.datasetrecord", "fields": {"status": false, "cartogram_entity": 72, "created_at": "2014-08-26T21:07:06Z", "modified_at": "2014-08-26T21:07:06Z", "value": "0.062000", "dataset": 1}}, {"pk": 22, "model": "datasets.datasetrecord", "fields": {"status": false, "cartogram_entity": 5, "created_at": "2014-08-26T21:07:06Z", "modified_at": "2014-08-26T21:07:06Z", "value": "0.051000", "dataset": 1}}, {"pk": 23, "model": "datasets.datasetrecord", "fields": {"status": false, "cartogram_entity": 108, "created_at": "2014-08-26T21:07:06Z", "modified_at": "2014-08-26T21:07:06Z", "value": "0.059000", "dataset": 1}}, {"pk": 24, "model": "datasets.datasetrecord", "fields": {"status": false, "cartogram_entity": 111, "created_at": "2014-08-26T21:07:06Z", "modified_at": "2014-08-26T21:07:06Z", "value": "0.099000", "dataset": 1}}, {"pk": 25, "model": "datasets.datasetrecord", "fields": {"status": false, "cartogram_entity": 51, "created_at": "2014-08-26T21:07:06Z", "modified_at": "2014-08-26T21:07:06Z", "value": "0.072000", "dataset": 1}}, {"pk": 26, "model": "datasets.datasetrecord", "fields": {"status": false, "cartogram_entity": 156, "created_at": "2014-08-26T21:07:06Z", "modified_at": "2014-08-26T21:07:06Z", "value": "0.074000", "dataset": 1}}, {"pk": 27, "model": "datasets.datasetrecord", "fields": {"status": false, "cartogram_entity": 63, "created_at": "2014-08-26T21:07:06Z", "modified_at": "2014-08-26T21:07:06Z", "value": "0.063000", "dataset": 1}}, {"pk": 28, "model": "datasets.datasetrecord", "fields": {"status": false, "cartogram_entity": 231, "created_at": "2014-08-26T21:07:06Z", "modified_at": "2014-08-26T21:07:06Z", "value": "0.082000", "dataset": 1}}, {"pk": 29, "model": "datasets.datasetrecord", "fields": {"status": false, "cartogram_entity": 248, "created_at": "2014-08-26T21:07:06Z", "modified_at": "2014-08-26T21:07:06Z", "value": "0.095000", "dataset": 1}}, {"pk": 30, "model": "datasets.datasetrecord", "fields": {"status": false, "cartogram_entity": 24, "created_at": "2014-08-26T21:07:06Z", "modified_at": "2014-08-26T21:07:06Z", "value": "0.063000", "dataset": 1}}, {"pk": 31, "model": "datasets.datasetrecord", "fields": {"status": false, "cartogram_entity": 196, "created_at": "2014-08-26T21:07:06Z", "modified_at": "2014-08-26T21:07:06Z", "value": "0.108000", "dataset": 1}}, {"pk": 32, "model": "datasets.datasetrecord", "fields": {"status": false, "cartogram_entity": 71, "created_at": "2014-08-26T21:07:06Z", "modified_at": "2014-08-26T21:07:06Z", "value": "0.096000", "dataset": 1}}, {"pk": 33, "model": "datasets.datasetrecord", "fields": {"status": false, "cartogram_entity": 113, "created_at": "2014-08-26T21:07:06Z", "modified_at": "2014-08-26T21:07:06Z", "value": "0.067000", "dataset": 1}}, {"pk": 34, "model": "datasets.datasetrecord", "fields": {"status": false, "cartogram_entity": 221, "created_at": "2014-08-26T21:07:06Z", "modified_at": "2014-08-26T21:07:06Z", "value": "0.125000", "dataset": 1}}, {"pk": 35, "model": "datasets.datasetrecord", "fields": {"status": false, "cartogram_entity": 105, "created_at": "2014-08-26T21:07:06Z", "modified_at": "2014-08-26T21:07:06Z", "value": "0.053000", "dataset": 1}}, {"pk": 36, "model": "datasets.datasetrecord", "fields": {"status": false, "cartogram_entity": 189, "created_at": "2014-08-26T21:07:06Z", "modified_at": "2014-08-26T21:07:06Z", "value": "0.107000", "dataset": 1}}, {"pk": 37, "model": "datasets.datasetrecord", "fields": {"status": false, "cartogram_entity": 235, "created_at": "2014-08-26T21:07:07Z", "modified_at": "2014-08-26T21:07:07Z", "value": "0.097000", "dataset": 1}}, {"pk": 38, "model": "datasets.datasetrecord", "fields": {"status": false, "cartogram_entity": 135, "created_at": "2014-08-26T21:07:07Z", "modified_at": "2014-08-26T21:07:07Z", "value": "0.064000", "dataset": 1}}, {"pk": 39, "model": "datasets.datasetrecord", "fields": {"status": false, "cartogram_entity": 109, "created_at": "2014-08-26T21:07:07Z", "modified_at": "2014-08-26T21:07:07Z", "value": "0.074000", "dataset": 1}}, {"pk": 40, "model": "datasets.datasetrecord", "fields": {"status": false, "cartogram_entity": 76, "created_at": "2014-08-26T21:07:07Z", "modified_at": "2014-08-26T21:07:07Z", "value": "0.072000", "dataset": 1}}, {"pk": 41, "model": "datasets.datasetrecord", "fields": {"status": false, "cartogram_entity": 146, "created_at": "2014-08-26T21:07:07Z", "modified_at": "2014-08-26T21:07:07Z", "value": "0.086000", "dataset": 1}}, {"pk": 42, "model": "datasets.datasetrecord", "fields": {"status": false, "cartogram_entity": 13, "created_at": "2014-08-26T21:07:07Z", "modified_at": "2014-08-26T21:07:07Z", "value": "0.069000", "dataset": 1}}, {"pk": 43, "model": "datasets.datasetrecord", "fields": {"status": false, "cartogram_entity": 198, "created_at": "2014-08-26T21:07:07Z", "modified_at": "2014-08-26T21:07:07Z", "value": "0.078000", "dataset": 1}}, {"pk": 44, "model": "datasets.datasetrecord", "fields": {"status": false, "cartogram_entity": 11, "created_at": "2014-08-26T21:07:07Z", "modified_at": "2014-08-26T21:07:07Z", "value": "0.059000", "dataset": 1}}, {"pk": 45, "model": "datasets.datasetrecord", "fields": {"status": false, "cartogram_entity": 74, "created_at": "2014-08-26T21:07:07Z", "modified_at": "2014-08-26T21:07:07Z", "value": "0.066000", "dataset": 1}}, {"pk": 46, "model": "datasets.datasetrecord", "fields": {"status": false, "cartogram_entity": 254, "created_at": "2014-08-26T21:07:07Z", "modified_at": "2014-08-26T21:07:07Z", "value": "0.066000", "dataset": 1}}, {"pk": 47, "model": "datasets.datasetrecord", "fields": {"status": false, "cartogram_entity": 174, "created_at": "2014-08-26T21:07:07Z", "modified_at": "2014-08-26T21:07:07Z", "value": "0.061000", "dataset": 1}}, {"pk": 48, "model": "datasets.datasetrecord", "fields": {"status": false, "cartogram_entity": 237, "created_at": "2014-08-26T21:07:07Z", "modified_at": "2014-08-26T21:07:07Z", "value": "0.082000", "dataset": 1}}, {"pk": 49, "model": "datasets.datasetrecord", "fields": {"status": false, "cartogram_entity": 228, "created_at": "2014-08-26T21:07:07Z", "modified_at": "2014-08-26T21:07:07Z", "value": "0.065000", "dataset": 1}}, {"pk": 50, "model": "datasets.datasetrecord", "fields": {"status": false, "cartogram_entity": 26, "created_at": "2014-08-26T21:07:07Z", "modified_at": "2014-08-26T21:07:07Z", "value": "0.087000", "dataset": 1}}, {"pk": 51, "model": "datasets.datasetrecord", "fields": {"status": false, "cartogram_entity": 247, "created_at": "2014-08-26T21:07:07Z", "modified_at": "2014-08-26T21:07:07Z", "value": "0.056000", "dataset": 1}}, {"pk": 52, "model": "datasets.datasetrecord", "fields": {"status": false, "cartogram_entity": 177, "created_at": "2014-08-26T21:07:07Z", "modified_at": "2014-08-26T21:07:07Z", "value": "0.095000", "dataset": 1}}, {"pk": 53, "model": "datasets.datasetrecord", "fields": {"status": false, "cartogram_entity": 143, "created_at": "2014-08-26T21:07:07Z", "modified_at": "2014-08-26T21:07:07Z", "value": "0.097000", "dataset": 1}}, {"pk": 54, "model": "datasets.datasetrecord", "fields": {"status": false, "cartogram_entity": 61, "created_at": "2014-08-26T21:07:07Z", "modified_at": "2014-08-26T21:07:07Z", "value": "0.070000", "dataset": 1}}, {"pk": 55, "model": "datasets.datasetrecord", "fields": {"status": false, "cartogram_entity": 233, "created_at": "2014-08-26T21:07:07Z", "modified_at": "2014-08-26T21:07:07Z", "value": "0.045000", "dataset": 1}}, {"pk": 56, "model": "datasets.datasetrecord", "fields": {"status": false, "cartogram_entity": 23, "created_at": "2014-08-26T21:07:07Z", "modified_at": "2014-08-26T21:07:07Z", "value": "0.044000", "dataset": 1}}, {"pk": 57, "model": "datasets.datasetrecord", "fields": {"status": false, "cartogram_entity": 1, "created_at": "2014-08-26T21:07:07Z", "modified_at": "2014-08-26T21:07:07Z", "value": "0.087000", "dataset": 1}}, {"pk": 58, "model": "datasets.datasetrecord", "fields": {"status": false, "cartogram_entity": 123, "created_at": "2014-08-26T21:07:07Z", "modified_at": "2014-08-26T21:07:07Z", "value": "0.087000", "dataset": 1}}, {"pk": 59, "model": "datasets.datasetrecord", "fields": {"status": false, "cartogram_entity": 47, "created_at": "2014-08-26T21:07:07Z", "modified_at": "2014-08-26T21:07:07Z", "value": "0.058000", "dataset": 1}}, {"pk": 60, "model": "datasets.datasetrecord", "fields": {"status": false, "cartogram_entity": 193, "created_at": "2014-08-26T21:07:07Z", "modified_at": "2014-08-26T21:07:07Z", "value": "0.084000", "dataset": 1}}, {"pk": 61, "model": "datasets.datasetrecord", "fields": {"status": false, "cartogram_entity": 236, "created_at": "2014-08-26T21:07:07Z", "modified_at": "2014-08-26T21:07:07Z", "value": "0.077000", "dataset": 1}}, {"pk": 62, "model": "datasets.datasetrecord", "fields": {"status": false, "cartogram_entity": 207, "created_at": "2014-08-26T21:07:07Z", "modified_at": "2014-08-26T21:07:07Z", "value": "0.083000", "dataset": 1}}, {"pk": 63, "model": "datasets.datasetrecord", "fields": {"status": false, "cartogram_entity": 96, "created_at": "2014-08-26T21:07:07Z", "modified_at": "2014-08-26T21:07:07Z", "value": "0.060000", "dataset": 1}}, {"pk": 64, "model": "datasets.datasetrecord", "fields": {"status": false, "cartogram_entity": 124, "created_at": "2014-08-26T21:07:07Z", "modified_at": "2014-08-26T21:07:07Z", "value": "0.110000", "dataset": 1}}, {"pk": 65, "model": "datasets.datasetrecord", "fields": {"status": false, "cartogram_entity": 166, "created_at": "2014-08-26T21:07:07Z", "modified_at": "2014-08-26T21:07:07Z", "value": "0.070000", "dataset": 1}}, {"pk": 66, "model": "datasets.datasetrecord", "fields": {"status": false, "cartogram_entity": 16, "created_at": "2014-08-26T21:07:07Z", "modified_at": "2014-08-26T21:07:07Z", "value": "0.125000", "dataset": 1}}, {"pk": 67, "model": "datasets.datasetrecord", "fields": {"status": false, "cartogram_entity": 129, "created_at": "2014-08-26T21:07:08Z", "modified_at": "2014-08-26T21:07:08Z", "value": "0.084000", "dataset": 1}}, {"pk": 68, "model": "datasets.datasetrecord", "fields": {"status": false, "cartogram_entity": 195, "created_at": "2014-08-26T21:07:08Z", "modified_at": "2014-08-26T21:07:08Z", "value": "0.092000", "dataset": 1}}, {"pk": 69, "model": "datasets.datasetrecord", "fields": {"status": false, "cartogram_entity": 140, "created_at": "2014-08-26T21:07:08Z", "modified_at": "2014-08-26T21:07:08Z", "value": "0.067000", "dataset": 1}}, {"pk": 70, "model": "datasets.datasetrecord", "fields": {"status": false, "cartogram_entity": 94, "created_at": "2014-08-26T21:07:08Z", "modified_at": "2014-08-26T21:07:08Z", "value": "0.086000", "dataset": 1}}, {"pk": 71, "model": "datasets.datasetrecord", "fields": {"status": false, "cartogram_entity": 182, "created_at": "2014-08-26T21:07:08Z", "modified_at": "2014-08-26T21:07:08Z", "value": "0.098000", "dataset": 1}}, {"pk": 72, "model": "datasets.datasetrecord", "fields": {"status": false, "cartogram_entity": 160, "created_at": "2014-08-26T21:07:08Z", "modified_at": "2014-08-26T21:07:08Z", "value": "0.071000", "dataset": 1}}, {"pk": 73, "model": "datasets.datasetrecord", "fields": {"status": false, "cartogram_entity": 92, "created_at": "2014-08-26T21:07:08Z", "modified_at": "2014-08-26T21:07:08Z", "value": "0.095000", "dataset": 1}}, {"pk": 74, "model": "datasets.datasetrecord", "fields": {"status": false, "cartogram_entity": 218, "created_at": "2014-08-26T21:07:08Z", "modified_at": "2014-08-26T21:07:08Z", "value": "0.090000", "dataset": 1}}, {"pk": 75, "model": "datasets.datasetrecord", "fields": {"status": false, "cartogram_entity": 87, "created_at": "2014-08-26T21:07:08Z", "modified_at": "2014-08-26T21:07:08Z", "value": "0.057000", "dataset": 1}}, {"pk": 76, "model": "datasets.datasetrecord", "fields": {"status": false, "cartogram_entity": 122, "created_at": "2014-08-26T21:07:08Z", "modified_at": "2014-08-26T21:07:08Z", "value": "0.064000", "dataset": 1}}, {"pk": 77, "model": "datasets.datasetrecord", "fields": {"status": false, "cartogram_entity": 4, "created_at": "2014-08-26T21:07:08Z", "modified_at": "2014-08-26T21:07:08Z", "value": "0.069000", "dataset": 1}}, {"pk": 78, "model": "datasets.datasetrecord", "fields": {"status": false, "cartogram_entity": 3, "created_at": "2014-08-26T21:07:08Z", "modified_at": "2014-08-26T21:07:08Z", "value": "0.057000", "dataset": 1}}, {"pk": 79, "model": "datasets.datasetrecord", "fields": {"status": false, "cartogram_entity": 222, "created_at": "2014-08-26T21:07:08Z", "modified_at": "2014-08-26T21:07:08Z", "value": "0.083000", "dataset": 1}}, {"pk": 80, "model": "datasets.datasetrecord", "fields": {"status": false, "cartogram_entity": 6, "created_at": "2014-08-26T21:07:08Z", "modified_at": "2014-08-26T21:07:08Z", "value": "0.073000", "dataset": 1}}, {"pk": 81, "model": "datasets.datasetrecord", "fields": {"status": false, "cartogram_entity": 78, "created_at": "2014-08-26T21:07:08Z", "modified_at": "2014-08-26T21:07:08Z", "value": "0.067000", "dataset": 1}}, {"pk": 82, "model": "datasets.datasetrecord", "fields": {"status": false, "cartogram_entity": 217, "created_at": "2014-08-26T21:07:08Z", "modified_at": "2014-08-26T21:07:08Z", "value": "0.084000", "dataset": 1}}, {"pk": 83, "model": "datasets.datasetrecord", "fields": {"status": false, "cartogram_entity": 27, "created_at": "2014-08-26T21:07:08Z", "modified_at": "2014-08-26T21:07:08Z", "value": "0.068000", "dataset": 1}}, {"pk": 84, "model": "datasets.datasetrecord", "fields": {"status": false, "cartogram_entity": 161, "created_at": "2014-08-26T21:07:08Z", "modified_at": "2014-08-26T21:07:08Z", "value": "0.085000", "dataset": 1}}, {"pk": 85, "model": "datasets.datasetrecord", "fields": {"status": false, "cartogram_entity": 118, "created_at": "2014-08-26T21:07:08Z", "modified_at": "2014-08-26T21:07:08Z", "value": "0.057000", "dataset": 1}}, {"pk": 86, "model": "datasets.datasetrecord", "fields": {"status": false, "cartogram_entity": 85, "created_at": "2014-08-26T21:07:08Z", "modified_at": "2014-08-26T21:07:08Z", "value": "0.049000", "dataset": 1}}, {"pk": 87, "model": "datasets.datasetrecord", "fields": {"status": false, "cartogram_entity": 58, "created_at": "2014-08-26T21:07:08Z", "modified_at": "2014-08-26T21:07:08Z", "value": "0.052000", "dataset": 1}}, {"pk": 88, "model": "datasets.datasetrecord", "fields": {"status": false, "cartogram_entity": 219, "created_at": "2014-08-26T21:07:08Z", "modified_at": "2014-08-26T21:07:08Z", "value": "0.079000", "dataset": 1}}, {"pk": 89, "model": "datasets.datasetrecord", "fields": {"status": false, "cartogram_entity": 158, "created_at": "2014-08-26T21:07:08Z", "modified_at": "2014-08-26T21:07:08Z", "value": "0.061000", "dataset": 1}}, {"pk": 90, "model": "datasets.datasetrecord", "fields": {"status": false, "cartogram_entity": 81, "created_at": "2014-08-26T21:07:09Z", "modified_at": "2014-08-26T21:07:09Z", "value": "0.089000", "dataset": 1}}, {"pk": 91, "model": "datasets.datasetrecord", "fields": {"status": false, "cartogram_entity": 93, "created_at": "2014-08-26T21:07:09Z", "modified_at": "2014-08-26T21:07:09Z", "value": "0.087000", "dataset": 1}}, {"pk": 92, "model": "datasets.datasetrecord", "fields": {"status": false, "cartogram_entity": 183, "created_at": "2014-08-26T21:07:09Z", "modified_at": "2014-08-26T21:07:09Z", "value": "0.080000", "dataset": 1}}, {"pk": 93, "model": "datasets.datasetrecord", "fields": {"status": false, "cartogram_entity": 89, "created_at": "2014-08-26T21:07:09Z", "modified_at": "2014-08-26T21:07:09Z", "value": "0.100000", "dataset": 1}}, {"pk": 94, "model": "datasets.datasetrecord", "fields": {"status": false, "cartogram_entity": 201, "created_at": "2014-08-26T21:07:09Z", "modified_at": "2014-08-26T21:07:09Z", "value": "0.067000", "dataset": 1}}, {"pk": 95, "model": "datasets.datasetrecord", "fields": {"status": false, "cartogram_entity": 116, "created_at": "2014-08-26T21:07:09Z", "modified_at": "2014-08-26T21:07:09Z", "value": "0.064000", "dataset": 1}}, {"pk": 96, "model": "datasets.datasetrecord", "fields": {"status": false, "cartogram_entity": 95, "created_at": "2014-08-26T21:07:09Z", "modified_at": "2014-08-26T21:07:09Z", "value": "0.089000", "dataset": 1}}, {"pk": 97, "model": "datasets.datasetrecord", "fields": {"status": false, "cartogram_entity": 121, "created_at": "2014-08-26T21:07:09Z", "modified_at": "2014-08-26T21:07:09Z", "value": "0.060000", "dataset": 1}}, {"pk": 98, "model": "datasets.datasetrecord", "fields": {"status": false, "cartogram_entity": 188, "created_at": "2014-08-26T21:07:09Z", "modified_at": "2014-08-26T21:07:09Z", "value": "0.055000", "dataset": 1}}, {"pk": 99, "model": "datasets.datasetrecord", "fields": {"status": false, "cartogram_entity": 83, "created_at": "2014-08-26T21:07:09Z", "modified_at": "2014-08-26T21:07:09Z", "value": "0.072000", "dataset": 1}}, {"pk": 100, "model": "datasets.datasetrecord", "fields": {"status": false, "cartogram_entity": 157, "created_at": "2014-08-26T21:07:09Z", "modified_at": "2014-08-26T21:07:09Z", "value": "0.101000", "dataset": 1}}, {"pk": 101, "model": "datasets.datasetrecord", "fields": {"status": false, "cartogram_entity": 53, "created_at": "2014-08-26T21:07:09Z", "modified_at": "2014-08-26T21:07:09Z", "value": "0.085000", "dataset": 1}}, {"pk": 102, "model": "datasets.datasetrecord", "fields": {"status": false, "cartogram_entity": 173, "created_at": "2014-08-26T21:07:09Z", "modified_at": "2014-08-26T21:07:09Z", "value": "0.087000", "dataset": 1}}, {"pk": 103, "model": "datasets.datasetrecord", "fields": {"status": false, "cartogram_entity": 154, "created_at": "2014-08-26T21:07:09Z", "modified_at": "2014-08-26T21:07:09Z", "value": "0.043000", "dataset": 1}}, {"pk": 104, "model": "datasets.datasetrecord", "fields": {"status": false, "cartogram_entity": 150, "created_at": "2014-08-26T21:07:09Z", "modified_at": "2014-08-26T21:07:09Z", "value": "0.052000", "dataset": 1}}, {"pk": 105, "model": "datasets.datasetrecord", "fields": {"status": false, "cartogram_entity": 31, "created_at": "2014-08-26T21:07:09Z", "modified_at": "2014-08-26T21:07:09Z", "value": "0.068000", "dataset": 1}}, {"pk": 106, "model": "datasets.datasetrecord", "fields": {"status": false, "cartogram_entity": 153, "created_at": "2014-08-26T21:07:09Z", "modified_at": "2014-08-26T21:07:09Z", "value": "0.030000", "dataset": 1}}, {"pk": 107, "model": "datasets.datasetrecord", "fields": {"status": false, "cartogram_entity": 187, "created_at": "2014-08-26T21:07:09Z", "modified_at": "2014-08-26T21:07:09Z", "value": "0.085000", "dataset": 1}}, {"pk": 108, "model": "datasets.datasetrecord", "fields": {"status": false, "cartogram_entity": 136, "created_at": "2014-08-26T21:07:09Z", "modified_at": "2014-08-26T21:07:09Z", "value": "0.116000", "dataset": 1}}, {"pk": 109, "model": "datasets.datasetrecord", "fields": {"status": false, "cartogram_entity": 190, "created_at": "2014-08-26T21:07:09Z", "modified_at": "2014-08-26T21:07:09Z", "value": "0.085000", "dataset": 1}}, {"pk": 110, "model": "datasets.datasetrecord", "fields": {"status": false, "cartogram_entity": 224, "created_at": "2014-08-26T21:07:09Z", "modified_at": "2014-08-26T21:07:09Z", "value": "0.070000", "dataset": 1}}, {"pk": 111, "model": "datasets.datasetrecord", "fields": {"status": false, "cartogram_entity": 242, "created_at": "2014-08-26T21:07:09Z", "modified_at": "2014-08-26T21:07:09Z", "value": "0.076000", "dataset": 1}}, {"pk": 112, "model": "datasets.datasetrecord", "fields": {"status": false, "cartogram_entity": 162, "created_at": "2014-08-26T21:07:09Z", "modified_at": "2014-08-26T21:07:09Z", "value": "0.065000", "dataset": 1}}, {"pk": 113, "model": "datasets.datasetrecord", "fields": {"status": false, "cartogram_entity": 144, "created_at": "2014-08-26T21:07:09Z", "modified_at": "2014-08-26T21:07:09Z", "value": "0.103000", "dataset": 1}}, {"pk": 114, "model": "datasets.datasetrecord", "fields": {"status": false, "cartogram_entity": 2, "created_at": "2014-08-26T21:07:09Z", "modified_at": "2014-08-26T21:07:09Z", "value": "0.075000", "dataset": 1}}, {"pk": 115, "model": "datasets.datasetrecord", "fields": {"status": false, "cartogram_entity": 171, "created_at": "2014-08-26T21:07:09Z", "modified_at": "2014-08-26T21:07:09Z", "value": "0.065000", "dataset": 1}}, {"pk": 116, "model": "datasets.datasetrecord", "fields": {"status": false, "cartogram_entity": 7, "created_at": "2014-08-26T21:07:09Z", "modified_at": "2014-08-26T21:07:09Z", "value": "0.085000", "dataset": 1}}, {"pk": 117, "model": "datasets.datasetrecord", "fields": {"status": false, "cartogram_entity": 126, "created_at": "2014-08-26T21:07:09Z", "modified_at": "2014-08-26T21:07:09Z", "value": "0.080000", "dataset": 1}}, {"pk": 118, "model": "datasets.datasetrecord", "fields": {"status": false, "cartogram_entity": 230, "created_at": "2014-08-26T21:07:09Z", "modified_at": "2014-08-26T21:07:09Z", "value": "0.054000", "dataset": 1}}, {"pk": 119, "model": "datasets.datasetrecord", "fields": {"status": false, "cartogram_entity": 69, "created_at": "2014-08-26T21:07:09Z", "modified_at": "2014-08-26T21:07:09Z", "value": "0.064000", "dataset": 1}}, {"pk": 120, "model": "datasets.datasetrecord", "fields": {"status": false, "cartogram_entity": 20, "created_at": "2014-08-26T21:07:10Z", "modified_at": "2014-08-26T21:07:10Z", "value": "0.076000", "dataset": 1}}, {"pk": 121, "model": "datasets.datasetrecord", "fields": {"status": false, "cartogram_entity": 103, "created_at": "2014-08-26T21:07:10Z", "modified_at": "2014-08-26T21:07:10Z", "value": "0.119000", "dataset": 1}}, {"pk": 122, "model": "datasets.datasetrecord", "fields": {"status": false, "cartogram_entity": 181, "created_at": "2014-08-26T21:07:10Z", "modified_at": "2014-08-26T21:07:10Z", "value": "0.056000", "dataset": 1}}, {"pk": 123, "model": "datasets.datasetrecord", "fields": {"status": false, "cartogram_entity": 216, "created_at": "2014-08-26T21:07:10Z", "modified_at": "2014-08-26T21:07:10Z", "value": "0.108000", "dataset": 1}}, {"pk": 124, "model": "datasets.datasetrecord", "fields": {"status": false, "cartogram_entity": 232, "created_at": "2014-08-26T21:07:10Z", "modified_at": "2014-08-26T21:07:10Z", "value": "0.100000", "dataset": 1}}, {"pk": 125, "model": "datasets.datasetrecord", "fields": {"status": false, "cartogram_entity": 192, "created_at": "2014-08-26T21:07:10Z", "modified_at": "2014-08-26T21:07:10Z", "value": "0.100000", "dataset": 1}}, {"pk": 126, "model": "datasets.datasetrecord", "fields": {"status": false, "cartogram_entity": 33, "created_at": "2014-08-26T21:07:10Z", "modified_at": "2014-08-26T21:07:10Z", "value": "0.091000", "dataset": 1}}, {"pk": 127, "model": "datasets.datasetrecord", "fields": {"status": false, "cartogram_entity": 104, "created_at": "2014-08-26T21:07:10Z", "modified_at": "2014-08-26T21:07:10Z", "value": "0.082000", "dataset": 1}}, {"pk": 128, "model": "datasets.datasetrecord", "fields": {"status": false, "cartogram_entity": 56, "created_at": "2014-08-26T21:07:10Z", "modified_at": "2014-08-26T21:07:10Z", "value": "0.105000", "dataset": 1}}, {"pk": 129, "model": "datasets.datasetrecord", "fields": {"status": false, "cartogram_entity": 137, "created_at": "2014-08-26T21:07:10Z", "modified_at": "2014-08-26T21:07:10Z", "value": "0.088000", "dataset": 1}}, {"pk": 130, "model": "datasets.datasetrecord", "fields": {"status": false, "cartogram_entity": 28, "created_at": "2014-08-26T21:07:10Z", "modified_at": "2014-08-26T21:07:10Z", "value": "0.060000", "dataset": 1}}, {"pk": 131, "model": "datasets.datasetrecord", "fields": {"status": false, "cartogram_entity": 39, "created_at": "2014-08-26T21:07:10Z", "modified_at": "2014-08-26T21:07:10Z", "value": "0.061000", "dataset": 1}}, {"pk": 132, "model": "datasets.datasetrecord", "fields": {"status": false, "cartogram_entity": 167, "created_at": "2014-08-26T21:07:10Z", "modified_at": "2014-08-26T21:07:10Z", "value": "0.062000", "dataset": 1}}, {"pk": 133, "model": "datasets.datasetrecord", "fields": {"status": false, "cartogram_entity": 226, "created_at": "2014-08-26T21:07:10Z", "modified_at": "2014-08-26T21:07:10Z", "value": "0.060000", "dataset": 1}}, {"pk": 134, "model": "datasets.datasetrecord", "fields": {"status": false, "cartogram_entity": 239, "created_at": "2014-08-26T21:07:10Z", "modified_at": "2014-08-26T21:07:10Z", "value": "0.054000", "dataset": 1}}, {"pk": 135, "model": "datasets.datasetrecord", "fields": {"status": false, "cartogram_entity": 43, "created_at": "2014-08-26T21:07:10Z", "modified_at": "2014-08-26T21:07:10Z", "value": "0.054000", "dataset": 1}}, {"pk": 136, "model": "datasets.datasetrecord", "fields": {"status": false, "cartogram_entity": 10, "created_at": "2014-08-26T21:07:10Z", "modified_at": "2014-08-26T21:07:10Z", "value": "0.089000", "dataset": 1}}, {"pk": 137, "model": "datasets.datasetrecord", "fields": {"status": false, "cartogram_entity": 107, "created_at": "2014-08-26T21:07:10Z", "modified_at": "2014-08-26T21:07:10Z", "value": "0.077000", "dataset": 1}}, {"pk": 138, "model": "datasets.datasetrecord", "fields": {"status": false, "cartogram_entity": 240, "created_at": "2014-08-26T21:07:10Z", "modified_at": "2014-08-26T21:07:10Z", "value": "0.064000", "dataset": 1}}, {"pk": 139, "model": "datasets.datasetrecord", "fields": {"status": false, "cartogram_entity": 25, "created_at": "2014-08-26T21:07:10Z", "modified_at": "2014-08-26T21:07:10Z", "value": "0.078000", "dataset": 1}}, {"pk": 140, "model": "datasets.datasetrecord", "fields": {"status": false, "cartogram_entity": 17, "created_at": "2014-08-26T21:07:10Z", "modified_at": "2014-08-26T21:07:10Z", "value": "0.066000", "dataset": 1}}, {"pk": 141, "model": "datasets.datasetrecord", "fields": {"status": false, "cartogram_entity": 149, "created_at": "2014-08-26T21:07:10Z", "modified_at": "2014-08-26T21:07:10Z", "value": "0.061000", "dataset": 1}}, {"pk": 142, "model": "datasets.datasetrecord", "fields": {"status": false, "cartogram_entity": 102, "created_at": "2014-08-26T21:07:10Z", "modified_at": "2014-08-26T21:07:10Z", "value": "0.099000", "dataset": 1}}, {"pk": 143, "model": "datasets.datasetrecord", "fields": {"status": false, "cartogram_entity": 134, "created_at": "2014-08-26T21:07:10Z", "modified_at": "2014-08-26T21:07:10Z", "value": "0.064000", "dataset": 1}}, {"pk": 144, "model": "datasets.datasetrecord", "fields": {"status": false, "cartogram_entity": 115, "created_at": "2014-08-26T21:07:10Z", "modified_at": "2014-08-26T21:07:10Z", "value": "0.069000", "dataset": 1}}, {"pk": 145, "model": "datasets.datasetrecord", "fields": {"status": false, "cartogram_entity": 15, "created_at": "2014-08-26T21:07:10Z", "modified_at": "2014-08-26T21:07:10Z", "value": "0.079000", "dataset": 1}}, {"pk": 146, "model": "datasets.datasetrecord", "fields": {"status": false, "cartogram_entity": 114, "created_at": "2014-08-26T21:07:10Z", "modified_at": "2014-08-26T21:07:10Z", "value": "0.112000", "dataset": 1}}, {"pk": 147, "model": "datasets.datasetrecord", "fields": {"status": false, "cartogram_entity": 125, "created_at": "2014-08-26T21:07:10Z", "modified_at": "2014-08-26T21:07:10Z", "value": "0.072000", "dataset": 1}}, {"pk": 148, "model": "datasets.datasetrecord", "fields": {"status": false, "cartogram_entity": 185, "created_at": "2014-08-26T21:07:10Z", "modified_at": "2014-08-26T21:07:10Z", "value": "0.061000", "dataset": 1}}, {"pk": 149, "model": "datasets.datasetrecord", "fields": {"status": false, "cartogram_entity": 250, "created_at": "2014-08-26T21:07:11Z", "modified_at": "2014-08-26T21:07:11Z", "value": "0.076000", "dataset": 1}}, {"pk": 150, "model": "datasets.datasetrecord", "fields": {"status": false, "cartogram_entity": 127, "created_at": "2014-08-26T21:07:11Z", "modified_at": "2014-08-26T21:07:11Z", "value": "0.073000", "dataset": 1}}, {"pk": 151, "model": "datasets.datasetrecord", "fields": {"status": false, "cartogram_entity": 220, "created_at": "2014-08-26T21:07:11Z", "modified_at": "2014-08-26T21:07:11Z", "value": "0.115000", "dataset": 1}}, {"pk": 152, "model": "datasets.datasetrecord", "fields": {"status": false, "cartogram_entity": 178, "created_at": "2014-08-26T21:07:11Z", "modified_at": "2014-08-26T21:07:11Z", "value": "0.057000", "dataset": 1}}, {"pk": 153, "model": "datasets.datasetrecord", "fields": {"status": false, "cartogram_entity": 101, "created_at": "2014-08-26T21:07:11Z", "modified_at": "2014-08-26T21:07:11Z", "value": "0.068000", "dataset": 1}}, {"pk": 154, "model": "datasets.datasetrecord", "fields": {"status": false, "cartogram_entity": 165, "created_at": "2014-08-26T21:07:11Z", "modified_at": "2014-08-26T21:07:11Z", "value": "0.091000", "dataset": 1}}, {"pk": 155, "model": "datasets.datasetrecord", "fields": {"status": false, "cartogram_entity": 163, "created_at": "2014-08-26T21:07:11Z", "modified_at": "2014-08-26T21:07:11Z", "value": "0.071000", "dataset": 1}}, {"pk": 156, "model": "datasets.datasetrecord", "fields": {"status": false, "cartogram_entity": 159, "created_at": "2014-08-26T21:07:11Z", "modified_at": "2014-08-26T21:07:11Z", "value": "0.078000", "dataset": 1}}, {"pk": 157, "model": "datasets.datasetrecord", "fields": {"status": false, "cartogram_entity": 164, "created_at": "2014-08-26T21:07:11Z", "modified_at": "2014-08-26T21:07:11Z", "value": "0.087000", "dataset": 1}}, {"pk": 158, "model": "datasets.datasetrecord", "fields": {"status": false, "cartogram_entity": 99, "created_at": "2014-08-26T21:07:11Z", "modified_at": "2014-08-26T21:07:11Z", "value": "0.118000", "dataset": 1}}, {"pk": 159, "model": "datasets.datasetrecord", "fields": {"status": false, "cartogram_entity": 151, "created_at": "2014-08-26T21:07:11Z", "modified_at": "2014-08-26T21:07:11Z", "value": "0.050000", "dataset": 1}}, {"pk": 160, "model": "datasets.datasetrecord", "fields": {"status": false, "cartogram_entity": 186, "created_at": "2014-08-26T21:07:11Z", "modified_at": "2014-08-26T21:07:11Z", "value": "0.054000", "dataset": 1}}, {"pk": 161, "model": "datasets.datasetrecord", "fields": {"status": false, "cartogram_entity": 110, "created_at": "2014-08-26T21:07:11Z", "modified_at": "2014-08-26T21:07:11Z", "value": "0.112000", "dataset": 1}}, {"pk": 162, "model": "datasets.datasetrecord", "fields": {"status": false, "cartogram_entity": 197, "created_at": "2014-08-26T21:07:11Z", "modified_at": "2014-08-26T21:07:11Z", "value": "0.136000", "dataset": 1}}, {"pk": 163, "model": "datasets.datasetrecord", "fields": {"status": false, "cartogram_entity": 21, "created_at": "2014-08-26T21:07:11Z", "modified_at": "2014-08-26T21:07:11Z", "value": "0.071000", "dataset": 1}}, {"pk": 164, "model": "datasets.datasetrecord", "fields": {"status": false, "cartogram_entity": 139, "created_at": "2014-08-26T21:07:11Z", "modified_at": "2014-08-26T21:07:11Z", "value": "0.090000", "dataset": 1}}, {"pk": 165, "model": "datasets.datasetrecord", "fields": {"status": false, "cartogram_entity": 170, "created_at": "2014-08-26T21:07:11Z", "modified_at": "2014-08-26T21:07:11Z", "value": "0.062000", "dataset": 1}}, {"pk": 166, "model": "datasets.datasetrecord", "fields": {"status": false, "cartogram_entity": 30, "created_at": "2014-08-26T21:07:11Z", "modified_at": "2014-08-26T21:07:11Z", "value": "0.102000", "dataset": 1}}, {"pk": 167, "model": "datasets.datasetrecord", "fields": {"status": false, "cartogram_entity": 227, "created_at": "2014-08-26T21:07:11Z", "modified_at": "2014-08-26T21:07:11Z", "value": "0.060000", "dataset": 1}}, {"pk": 168, "model": "datasets.datasetrecord", "fields": {"status": false, "cartogram_entity": 175, "created_at": "2014-08-26T21:07:11Z", "modified_at": "2014-08-26T21:07:11Z", "value": "0.087000", "dataset": 1}}, {"pk": 169, "model": "datasets.datasetrecord", "fields": {"status": false, "cartogram_entity": 119, "created_at": "2014-08-26T21:07:11Z", "modified_at": "2014-08-26T21:07:11Z", "value": "0.078000", "dataset": 1}}, {"pk": 170, "model": "datasets.datasetrecord", "fields": {"status": false, "cartogram_entity": 65, "created_at": "2014-08-26T21:07:11Z", "modified_at": "2014-08-26T21:07:11Z", "value": "0.079000", "dataset": 1}}, {"pk": 171, "model": "datasets.datasetrecord", "fields": {"status": false, "cartogram_entity": 138, "created_at": "2014-08-26T21:07:11Z", "modified_at": "2014-08-26T21:07:11Z", "value": "0.053000", "dataset": 1}}, {"pk": 172, "model": "datasets.datasetrecord", "fields": {"status": false, "cartogram_entity": 18, "created_at": "2014-08-26T21:07:11Z", "modified_at": "2014-08-26T21:07:11Z", "value": "0.156000", "dataset": 1}}, {"pk": 173, "model": "datasets.datasetrecord", "fields": {"status": false, "cartogram_entity": 251, "created_at": "2014-08-26T21:07:11Z", "modified_at": "2014-08-26T21:07:11Z", "value": "0.053000", "dataset": 1}}, {"pk": 174, "model": "datasets.datasetrecord", "fields": {"status": false, "cartogram_entity": 29, "created_at": "2014-08-26T21:07:11Z", "modified_at": "2014-08-26T21:07:11Z", "value": "0.070000", "dataset": 1}}, {"pk": 175, "model": "datasets.datasetrecord", "fields": {"status": false, "cartogram_entity": 176, "created_at": "2014-08-26T21:07:11Z", "modified_at": "2014-08-26T21:07:11Z", "value": "0.084000", "dataset": 1}}, {"pk": 176, "model": "datasets.datasetrecord", "fields": {"status": false, "cartogram_entity": 8, "created_at": "2014-08-26T21:07:11Z", "modified_at": "2014-08-26T21:07:11Z", "value": "0.124000", "dataset": 1}}, {"pk": 177, "model": "datasets.datasetrecord", "fields": {"status": false, "cartogram_entity": 246, "created_at": "2014-08-26T21:07:11Z", "modified_at": "2014-08-26T21:07:11Z", "value": "0.064000", "dataset": 1}}, {"pk": 178, "model": "datasets.datasetrecord", "fields": {"status": false, "cartogram_entity": 68, "created_at": "2014-08-26T21:07:12Z", "modified_at": "2014-08-26T21:07:12Z", "value": "0.077000", "dataset": 1}}, {"pk": 179, "model": "datasets.datasetrecord", "fields": {"status": false, "cartogram_entity": 253, "created_at": "2014-08-26T21:07:12Z", "modified_at": "2014-08-26T21:07:12Z", "value": "0.063000", "dataset": 1}}, {"pk": 180, "model": "datasets.datasetrecord", "fields": {"status": false, "cartogram_entity": 41, "created_at": "2014-08-26T21:07:12Z", "modified_at": "2014-08-26T21:07:12Z", "value": "0.055000", "dataset": 1}}, {"pk": 181, "model": "datasets.datasetrecord", "fields": {"status": false, "cartogram_entity": 73, "created_at": "2014-08-26T21:07:12Z", "modified_at": "2014-08-26T21:07:12Z", "value": "0.111000", "dataset": 1}}, {"pk": 182, "model": "datasets.datasetrecord", "fields": {"status": false, "cartogram_entity": 57, "created_at": "2014-08-26T21:07:12Z", "modified_at": "2014-08-26T21:07:12Z", "value": "0.091000", "dataset": 1}}, {"pk": 183, "model": "datasets.datasetrecord", "fields": {"status": false, "cartogram_entity": 200, "created_at": "2014-08-26T21:07:12Z", "modified_at": "2014-08-26T21:07:12Z", "value": "0.075000", "dataset": 1}}, {"pk": 184, "model": "datasets.datasetrecord", "fields": {"status": false, "cartogram_entity": 52, "created_at": "2014-08-26T21:07:12Z", "modified_at": "2014-08-26T21:07:12Z", "value": "0.084000", "dataset": 1}}, {"pk": 185, "model": "datasets.datasetrecord", "fields": {"status": false, "cartogram_entity": 77, "created_at": "2014-08-26T21:07:12Z", "modified_at": "2014-08-26T21:07:12Z", "value": "0.048000", "dataset": 1}}, {"pk": 186, "model": "datasets.datasetrecord", "fields": {"status": false, "cartogram_entity": 75, "created_at": "2014-08-26T21:07:12Z", "modified_at": "2014-08-26T21:07:12Z", "value": "0.117000", "dataset": 1}}, {"pk": 187, "model": "datasets.datasetrecord", "fields": {"status": false, "cartogram_entity": 241, "created_at": "2014-08-26T21:07:12Z", "modified_at": "2014-08-26T21:07:12Z", "value": "0.103000", "dataset": 1}}, {"pk": 188, "model": "datasets.datasetrecord", "fields": {"status": false, "cartogram_entity": 191, "created_at": "2014-08-26T21:07:12Z", "modified_at": "2014-08-26T21:07:12Z", "value": "0.066000", "dataset": 1}}, {"pk": 189, "model": "datasets.datasetrecord", "fields": {"status": false, "cartogram_entity": 128, "created_at": "2014-08-26T21:07:12Z", "modified_at": "2014-08-26T21:07:12Z", "value": "0.178000", "dataset": 1}}, {"pk": 190, "model": "datasets.datasetrecord", "fields": {"status": false, "cartogram_entity": 67, "created_at": "2014-08-26T21:07:12Z", "modified_at": "2014-08-26T21:07:12Z", "value": "0.085000", "dataset": 1}}, {"pk": 191, "model": "datasets.datasetrecord", "fields": {"status": false, "cartogram_entity": 238, "created_at": "2014-08-26T21:07:12Z", "modified_at": "2014-08-26T21:07:12Z", "value": "0.051000", "dataset": 1}}, {"pk": 192, "model": "datasets.datasetrecord", "fields": {"status": false, "cartogram_entity": 34, "created_at": "2014-08-26T21:07:12Z", "modified_at": "2014-08-26T21:07:12Z", "value": "0.058000", "dataset": 1}}, {"pk": 193, "model": "datasets.datasetrecord", "fields": {"status": false, "cartogram_entity": 168, "created_at": "2014-08-26T21:07:12Z", "modified_at": "2014-08-26T21:07:12Z", "value": "0.061000", "dataset": 1}}, {"pk": 194, "model": "datasets.datasetrecord", "fields": {"status": false, "cartogram_entity": 55, "created_at": "2014-08-26T21:07:12Z", "modified_at": "2014-08-26T21:07:12Z", "value": "0.105000", "dataset": 1}}, {"pk": 195, "model": "datasets.datasetrecord", "fields": {"status": false, "cartogram_entity": 98, "created_at": "2014-08-26T21:07:12Z", "modified_at": "2014-08-26T21:07:12Z", "value": "0.140000", "dataset": 1}}, {"pk": 196, "model": "datasets.datasetrecord", "fields": {"status": false, "cartogram_entity": 62, "created_at": "2014-08-26T21:07:12Z", "modified_at": "2014-08-26T21:07:12Z", "value": "0.070000", "dataset": 1}}, {"pk": 197, "model": "datasets.datasetrecord", "fields": {"status": false, "cartogram_entity": 48, "created_at": "2014-08-26T21:07:12Z", "modified_at": "2014-08-26T21:07:12Z", "value": "0.062000", "dataset": 1}}, {"pk": 198, "model": "datasets.datasetrecord", "fields": {"status": false, "cartogram_entity": 244, "created_at": "2014-08-26T21:07:12Z", "modified_at": "2014-08-26T21:07:12Z", "value": "0.087000", "dataset": 1}}, {"pk": 199, "model": "datasets.datasetrecord", "fields": {"status": false, "cartogram_entity": 249, "created_at": "2014-08-26T21:07:12Z", "modified_at": "2014-08-26T21:07:12Z", "value": "0.078000", "dataset": 1}}, {"pk": 200, "model": "datasets.datasetrecord", "fields": {"status": false, "cartogram_entity": 112, "created_at": "2014-08-26T21:07:12Z", "modified_at": "2014-08-26T21:07:12Z", "value": "0.101000", "dataset": 1}}, {"pk": 201, "model": "datasets.datasetrecord", "fields": {"status": false, "cartogram_entity": 132, "created_at": "2014-08-26T21:07:12Z", "modified_at": "2014-08-26T21:07:12Z", "value": "0.091000", "dataset": 1}}, {"pk": 202, "model": "datasets.datasetrecord", "fields": {"status": false, "cartogram_entity": 130, "created_at": "2014-08-26T21:07:12Z", "modified_at": "2014-08-26T21:07:12Z", "value": "0.159000", "dataset": 1}}, {"pk": 203, "model": "datasets.datasetrecord", "fields": {"status": false, "cartogram_entity": 66, "created_at": "2014-08-26T21:07:12Z", "modified_at": "2014-08-26T21:07:12Z", "value": "0.108000", "dataset": 1}}, {"pk": 204, "model": "datasets.datasetrecord", "fields": {"status": false, "cartogram_entity": 243, "created_at": "2014-08-26T21:07:12Z", "modified_at": "2014-08-26T21:07:12Z", "value": "0.100000", "dataset": 1}}, {"pk": 205, "model": "datasets.datasetrecord", "fields": {"status": false, "cartogram_entity": 141, "created_at": "2014-08-26T21:07:12Z", "modified_at": "2014-08-26T21:07:12Z", "value": "0.098000", "dataset": 1}}, {"pk": 206, "model": "datasets.datasetrecord", "fields": {"status": false, "cartogram_entity": 225, "created_at": "2014-08-26T21:07:12Z", "modified_at": "2014-08-26T21:07:12Z", "value": "0.078000", "dataset": 1}}, {"pk": 207, "model": "datasets.datasetrecord", "fields": {"status": false, "cartogram_entity": 82, "created_at": "2014-08-26T21:07:13Z", "modified_at": "2014-08-26T21:07:13Z", "value": "0.111000", "dataset": 1}}, {"pk": 208, "model": "datasets.datasetrecord", "fields": {"status": false, "cartogram_entity": 38, "created_at": "2014-08-26T21:07:13Z", "modified_at": "2014-08-26T21:07:13Z", "value": "0.072000", "dataset": 1}}, {"pk": 209, "model": "datasets.datasetrecord", "fields": {"status": false, "cartogram_entity": 36, "created_at": "2014-08-26T21:07:13Z", "modified_at": "2014-08-26T21:07:13Z", "value": "0.043000", "dataset": 1}}, {"pk": 210, "model": "datasets.datasetrecord", "fields": {"status": false, "cartogram_entity": 59, "created_at": "2014-08-26T21:07:13Z", "modified_at": "2014-08-26T21:07:13Z", "value": "0.081000", "dataset": 1}}, {"pk": 211, "model": "datasets.datasetrecord", "fields": {"status": false, "cartogram_entity": 252, "created_at": "2014-08-26T21:07:13Z", "modified_at": "2014-08-26T21:07:13Z", "value": "0.049000", "dataset": 1}}, {"pk": 212, "model": "datasets.datasetrecord", "fields": {"status": false, "cartogram_entity": 19, "created_at": "2014-08-26T21:07:13Z", "modified_at": "2014-08-26T21:07:13Z", "value": "0.083000", "dataset": 1}}, {"pk": 213, "model": "datasets.datasetrecord", "fields": {"status": false, "cartogram_entity": 40, "created_at": "2014-08-26T21:07:13Z", "modified_at": "2014-08-26T21:07:13Z", "value": "0.073000", "dataset": 1}}, {"pk": 214, "model": "datasets.datasetrecord", "fields": {"status": false, "cartogram_entity": 9, "created_at": "2014-08-26T21:07:13Z", "modified_at": "2014-08-26T21:07:13Z", "value": "0.178000", "dataset": 1}}, {"pk": 215, "model": "datasets.datasetrecord", "fields": {"status": false, "cartogram_entity": 46, "created_at": "2014-08-26T21:07:13Z", "modified_at": "2014-08-26T21:07:13Z", "value": "0.069000", "dataset": 1}}, {"pk": 216, "model": "datasets.datasetrecord", "fields": {"status": false, "cartogram_entity": 64, "created_at": "2014-08-26T21:07:13Z", "modified_at": "2014-08-26T21:07:13Z", "value": "0.046000", "dataset": 1}}, {"pk": 217, "model": "datasets.datasetrecord", "fields": {"status": false, "cartogram_entity": 194, "created_at": "2014-08-26T21:07:13Z", "modified_at": "2014-08-26T21:07:13Z", "value": "0.048000", "dataset": 1}}, {"pk": 218, "model": "datasets.datasetrecord", "fields": {"status": false, "cartogram_entity": 169, "created_at": "2014-08-26T21:07:13Z", "modified_at": "2014-08-26T21:07:13Z", "value": "0.078000", "dataset": 1}}, {"pk": 219, "model": "datasets.datasetrecord", "fields": {"status": false, "cartogram_entity": 70, "created_at": "2014-08-26T21:07:13Z", "modified_at": "2014-08-26T21:07:13Z", "value": "0.067000", "dataset": 1}}, {"pk": 220, "model": "datasets.datasetrecord", "fields": {"status": false, "cartogram_entity": 133, "created_at": "2014-08-26T21:07:13Z", "modified_at": "2014-08-26T21:07:13Z", "value": "0.082000", "dataset": 1}}, {"pk": 221, "model": "datasets.datasetrecord", "fields": {"status": false, "cartogram_entity": 42, "created_at": "2014-08-26T21:07:13Z", "modified_at": "2014-08-26T21:07:13Z", "value": "0.061000", "dataset": 1}}, {"pk": 222, "model": "datasets.datasetrecord", "fields": {"status": false, "cartogram_entity": 100, "created_at": "2014-08-26T21:07:13Z", "modified_at": "2014-08-26T21:07:13Z", "value": "0.078000", "dataset": 1}}, {"pk": 223, "model": "datasets.datasetrecord", "fields": {"status": false, "cartogram_entity": 142, "created_at": "2014-08-26T21:07:13Z", "modified_at": "2014-08-26T21:07:13Z", "value": "0.077000", "dataset": 1}}, {"pk": 224, "model": "datasets.datasetrecord", "fields": {"status": false, "cartogram_entity": 91, "created_at": "2014-08-26T21:07:13Z", "modified_at": "2014-08-26T21:07:13Z", "value": "0.056000", "dataset": 1}}, {"pk": 225, "model": "datasets.datasetrecord", "fields": {"status": false, "cartogram_entity": 148, "created_at": "2014-08-26T21:07:13Z", "modified_at": "2014-08-26T21:07:13Z", "value": "0.077000", "dataset": 1}}, {"pk": 226, "model": "datasets.datasetrecord", "fields": {"status": false, "cartogram_entity": 12, "created_at": "2014-08-26T21:07:13Z", "modified_at": "2014-08-26T21:07:13Z", "value": "0.070000", "dataset": 1}}, {"pk": 227, "model": "datasets.datasetrecord", "fields": {"status": false, "cartogram_entity": 84, "created_at": "2014-08-26T21:07:13Z", "modified_at": "2014-08-26T21:07:13Z", "value": "0.070000", "dataset": 1}}, {"pk": 228, "model": "datasets.datasetrecord", "fields": {"status": false, "cartogram_entity": 97, "created_at": "2014-08-26T21:07:13Z", "modified_at": "2014-08-26T21:07:13Z", "value": "0.088000", "dataset": 1}}, {"pk": 229, "model": "datasets.datasetrecord", "fields": {"status": false, "cartogram_entity": 49, "created_at": "2014-08-26T21:07:13Z", "modified_at": "2014-08-26T21:07:13Z", "value": "0.105000", "dataset": 1}}, {"pk": 230, "model": "datasets.datasetrecord", "fields": {"status": false, "cartogram_entity": 234, "created_at": "2014-08-26T21:07:13Z", "modified_at": "2014-08-26T21:07:13Z", "value": "0.081000", "dataset": 1}}, {"pk": 231, "model": "datasets.datasetrecord", "fields": {"status": false, "cartogram_entity": 120, "created_at": "2014-08-26T21:07:13Z", "modified_at": "2014-08-26T21:07:13Z", "value": "0.056000", "dataset": 1}}, {"pk": 232, "model": "datasets.datasetrecord", "fields": {"status": false, "cartogram_entity": 88, "created_at": "2014-08-26T21:07:13Z", "modified_at": "2014-08-26T21:07:13Z", "value": "0.089000", "dataset": 1}}, {"pk": 233, "model": "datasets.datasetrecord", "fields": {"status": false, "cartogram_entity": 50, "created_at": "2014-08-26T21:07:13Z", "modified_at": "2014-08-26T21:07:13Z", "value": "0.096000", "dataset": 1}}, {"pk": 234, "model": "datasets.datasetrecord", "fields": {"status": false, "cartogram_entity": 90, "created_at": "2014-08-26T21:07:13Z", "modified_at": "2014-08-26T21:07:13Z", "value": "0.074000", "dataset": 1}}, {"pk": 235, "model": "datasets.datasetrecord", "fields": {"status": false, "cartogram_entity": 106, "created_at": "2014-08-26T21:07:14Z", "modified_at": "2014-08-26T21:07:14Z", "value": "0.079000", "dataset": 1}}, {"pk": 236, "model": "datasets.datasetrecord", "fields": {"status": false, "cartogram_entity": 45, "created_at": "2014-08-26T21:07:14Z", "modified_at": "2014-08-26T21:07:14Z", "value": "0.078000", "dataset": 1}}, {"pk": 237, "model": "datasets.datasetrecord", "fields": {"status": false, "cartogram_entity": 145, "created_at": "2014-08-26T21:07:14Z", "modified_at": "2014-08-26T21:07:14Z", "value": "0.090000", "dataset": 1}}, {"pk": 238, "model": "datasets.datasetrecord", "fields": {"status": false, "cartogram_entity": 147, "created_at": "2014-08-26T21:07:14Z", "modified_at": "2014-08-26T21:07:14Z", "value": "0.085000", "dataset": 1}}, {"pk": 239, "model": "datasets.datasetrecord", "fields": {"status": false, "cartogram_entity": 180, "created_at": "2014-08-26T21:07:14Z", "modified_at": "2014-08-26T21:07:14Z", "value": "0.069000", "dataset": 1}}, {"pk": 240, "model": "datasets.datasetrecord", "fields": {"status": false, "cartogram_entity": 35, "created_at": "2014-08-26T21:07:14Z", "modified_at": "2014-08-26T21:07:14Z", "value": "0.091000", "dataset": 1}}, {"pk": 241, "model": "datasets.datasetrecord", "fields": {"status": false, "cartogram_entity": 131, "created_at": "2014-08-26T21:07:14Z", "modified_at": "2014-08-26T21:07:14Z", "value": "0.079000", "dataset": 1}}, {"pk": 242, "model": "datasets.datasetrecord", "fields": {"status": false, "cartogram_entity": 22, "created_at": "2014-08-26T21:07:14Z", "modified_at": "2014-08-26T21:07:14Z", "value": "0.056000", "dataset": 1}}, {"pk": 243, "model": "datasets.datasetrecord", "fields": {"status": false, "cartogram_entity": 80, "created_at": "2014-08-26T21:07:14Z", "modified_at": "2014-08-26T21:07:14Z", "value": "0.081000", "dataset": 1}}, {"pk": 244, "model": "datasets.datasetrecord", "fields": {"status": false, "cartogram_entity": 229, "created_at": "2014-08-26T21:07:14Z", "modified_at": "2014-08-26T21:07:14Z", "value": "0.055000", "dataset": 1}}, {"pk": 245, "model": "datasets.datasetrecord", "fields": {"status": false, "cartogram_entity": 32, "created_at": "2014-08-26T21:07:14Z", "modified_at": "2014-08-26T21:07:14Z", "value": "0.139000", "dataset": 1}}, {"pk": 246, "model": "datasets.datasetrecord", "fields": {"status": false, "cartogram_entity": 184, "created_at": "2014-08-26T21:07:14Z", "modified_at": "2014-08-26T21:07:14Z", "value": "0.078000", "dataset": 1}}, {"pk": 247, "model": "datasets.datasetrecord", "fields": {"status": false, "cartogram_entity": 245, "created_at": "2014-08-26T21:07:14Z", "modified_at": "2014-08-26T21:07:14Z", "value": "0.069000", "dataset": 1}}, {"pk": 248, "model": "datasets.datasetrecord", "fields": {"status": false, "cartogram_entity": 79, "created_at": "2014-08-26T21:07:14Z", "modified_at": "2014-08-26T21:07:14Z", "value": "0.090000", "dataset": 1}}, {"pk": 249, "model": "datasets.datasetrecord", "fields": {"status": false, "cartogram_entity": 179, "created_at": "2014-08-26T21:07:14Z", "modified_at": "2014-08-26T21:07:14Z", "value": "0.096000", "dataset": 1}}, {"pk": 250, "model": "datasets.datasetrecord", "fields": {"status": false, "cartogram_entity": 60, "created_at": "2014-08-26T21:07:14Z", "modified_at": "2014-08-26T21:07:14Z", "value": "0.084000", "dataset": 1}}, {"pk": 251, "model": "datasets.datasetrecord", "fields": {"status": false, "cartogram_entity": 86, "created_at": "2014-08-26T21:07:14Z", "modified_at": "2014-08-26T21:07:14Z", "value": "0.071000", "dataset": 1}}, {"pk": 252, "model": "datasets.datasetrecord", "fields": {"status": false, "cartogram_entity": 155, "created_at": "2014-08-26T21:07:14Z", "modified_at": "2014-08-26T21:07:14Z", "value": "0.076000", "dataset": 1}}, {"pk": 253, "model": "datasets.datasetrecord", "fields": {"status": false, "cartogram_entity": 54, "created_at": "2014-08-26T21:07:14Z", "modified_at": "2014-08-26T21:07:14Z", "value": "0.120000", "dataset": 1}}, {"pk": 254, "model": "datasets.datasetrecord", "fields": {"status": false, "cartogram_entity": 172, "created_at": "2014-08-26T21:07:14Z", "modified_at": "2014-08-26T21:07:14Z", "value": "0.164000", "dataset": 1}}, {"pk": 1, "model": "cartograms.cartogram", "fields": {"status": true, "cartogram_id": "48", "name": "Texas", "region_label": "State", "subregion_label": "County", "json_filename": "/texas.json"}}, {"pk": 1, "model": "cartograms.cartogramentity", "fields": {"status": true, "entity_id": "48113", "name": "Dallas", "cartogram": 1}}, {"pk": 2, "model": "cartograms.cartogramentity", "fields": {"status": true, "entity_id": "48227", "name": "Howard", "cartogram": 1}}, {"pk": 3, "model": "cartograms.cartogramentity", "fields": {"status": true, "entity_id": "48155", "name": "Foard", "cartogram": 1}}, {"pk": 4, "model": "cartograms.cartogramentity", "fields": {"status": true, "entity_id": "48153", "name": "Floyd", "cartogram": 1}}, {"pk": 5, "model": "cartograms.cartogramentity", "fields": {"status": true, "entity_id": "48043", "name": "Brewster", "cartogram": 1}}, {"pk": 6, "model": "cartograms.cartogramentity", "fields": {"status": true, "entity_id": "48159", "name": "Franklin", "cartogram": 1}}, {"pk": 7, "model": "cartograms.cartogramentity", "fields": {"status": true, "entity_id": "48231", "name": "Hunt", "cartogram": 1}}, {"pk": 8, "model": "cartograms.cartogramentity", "fields": {"status": true, "entity_id": "48351", "name": "Newton", "cartogram": 1}}, {"pk": 9, "model": "cartograms.cartogramentity", "fields": {"status": true, "entity_id": "48427", "name": "Starr", "cartogram": 1}}, {"pk": 10, "model": "cartograms.cartogramentity", "fields": {"status": true, "entity_id": "48271", "name": "Kinney", "cartogram": 1}}, {"pk": 11, "model": "cartograms.cartogramentity", "fields": {"status": true, "entity_id": "48087", "name": "Collingsworth", "cartogram": 1}}, {"pk": 12, "model": "cartograms.cartogramentity", "fields": {"status": true, "entity_id": "48451", "name": "Tom Green", "cartogram": 1}}, {"pk": 13, "model": "cartograms.cartogramentity", "fields": {"status": true, "entity_id": "48083", "name": "Coleman", "cartogram": 1}}, {"pk": 14, "model": "cartograms.cartogramentity", "fields": {"status": true, "entity_id": "48039", "name": "Brazoria", "cartogram": 1}}, {"pk": 15, "model": "cartograms.cartogramentity", "fields": {"status": true, "entity_id": "48289", "name": "Leon", "cartogram": 1}}, {"pk": 16, "model": "cartograms.cartogramentity", "fields": {"status": true, "entity_id": "48131", "name": "Duval", "cartogram": 1}}, {"pk": 17, "model": "cartograms.cartogramentity", "fields": {"status": true, "entity_id": "48279", "name": "Lamb", "cartogram": 1}}, {"pk": 18, "model": "cartograms.cartogramentity", "fields": {"status": true, "entity_id": "48343", "name": "Morris", "cartogram": 1}}, {"pk": 19, "model": "cartograms.cartogramentity", "fields": {"status": true, "entity_id": "48423", "name": "Smith", "cartogram": 1}}, {"pk": 20, "model": "cartograms.cartogramentity", "fields": {"status": true, "entity_id": "48239", "name": "Jackson", "cartogram": 1}}, {"pk": 21, "model": "cartograms.cartogramentity", "fields": {"status": true, "entity_id": "48325", "name": "Medina", "cartogram": 1}}, {"pk": 22, "model": "cartograms.cartogramentity", "fields": {"status": true, "entity_id": "48483", "name": "Wheeler", "cartogram": 1}}, {"pk": 23, "model": "cartograms.cartogramentity", "fields": {"status": true, "entity_id": "48111", "name": "Dallam", "cartogram": 1}}, {"pk": 24, "model": "cartograms.cartogramentity", "fields": {"status": true, "entity_id": "48059", "name": "Callahan", "cartogram": 1}}, {"pk": 25, "model": "cartograms.cartogramentity", "fields": {"status": true, "entity_id": "48277", "name": "Lamar", "cartogram": 1}}, {"pk": 26, "model": "cartograms.cartogramentity", "fields": {"status": true, "entity_id": "48099", "name": "Coryell", "cartogram": 1}}, {"pk": 27, "model": "cartograms.cartogramentity", "fields": {"status": true, "entity_id": "48165", "name": "Gaines", "cartogram": 1}}, {"pk": 28, "model": "cartograms.cartogramentity", "fields": {"status": true, "entity_id": "48259", "name": "Kendall", "cartogram": 1}}, {"pk": 29, "model": "cartograms.cartogramentity", "fields": {"status": true, "entity_id": "48347", "name": "Nacogdoches", "cartogram": 1}}, {"pk": 30, "model": "cartograms.cartogramentity", "fields": {"status": true, "entity_id": "48331", "name": "Milam", "cartogram": 1}}, {"pk": 31, "model": "cartograms.cartogramentity", "fields": {"status": true, "entity_id": "48209", "name": "Hays", "cartogram": 1}}, {"pk": 32, "model": "cartograms.cartogramentity", "fields": {"status": true, "entity_id": "48489", "name": "Willacy", "cartogram": 1}}, {"pk": 33, "model": "cartograms.cartogramentity", "fields": {"status": true, "entity_id": "48251", "name": "Johnson", "cartogram": 1}}, {"pk": 34, "model": "cartograms.cartogramentity", "fields": {"status": true, "entity_id": "48383", "name": "Reagan", "cartogram": 1}}, {"pk": 35, "model": "cartograms.cartogramentity", "fields": {"status": true, "entity_id": "48479", "name": "Webb", "cartogram": 1}}, {"pk": 36, "model": "cartograms.cartogramentity", "fields": {"status": true, "entity_id": "48417", "name": "Shackelford", "cartogram": 1}}, {"pk": 37, "model": "cartograms.cartogramentity", "fields": {"status": true, "entity_id": "48037", "name": "Bowie", "cartogram": 1}}, {"pk": 38, "model": "cartograms.cartogramentity", "fields": {"status": true, "entity_id": "48415", "name": "Scurry", "cartogram": 1}}, {"pk": 39, "model": "cartograms.cartogramentity", "fields": {"status": true, "entity_id": "48261", "name": "Kenedy", "cartogram": 1}}, {"pk": 40, "model": "cartograms.cartogramentity", "fields": {"status": true, "entity_id": "48425", "name": "Somervell", "cartogram": 1}}, {"pk": 41, "model": "cartograms.cartogramentity", "fields": {"status": true, "entity_id": "48359", "name": "Oldham", "cartogram": 1}}, {"pk": 42, "model": "cartograms.cartogramentity", "fields": {"status": true, "entity_id": "48441", "name": "Taylor", "cartogram": 1}}, {"pk": 43, "model": "cartograms.cartogramentity", "fields": {"status": true, "entity_id": "48269", "name": "King", "cartogram": 1}}, {"pk": 44, "model": "cartograms.cartogramentity", "fields": {"status": true, "entity_id": "48033", "name": "Borden", "cartogram": 1}}, {"pk": 45, "model": "cartograms.cartogramentity", "fields": {"status": true, "entity_id": "48471", "name": "Walker", "cartogram": 1}}, {"pk": 46, "model": "cartograms.cartogramentity", "fields": {"status": true, "entity_id": "48429", "name": "Stephens", "cartogram": 1}}, {"pk": 47, "model": "cartograms.cartogramentity", "fields": {"status": true, "entity_id": "48117", "name": "Deaf Smith", "cartogram": 1}}, {"pk": 48, "model": "cartograms.cartogramentity", "fields": {"status": true, "entity_id": "48393", "name": "Roberts", "cartogram": 1}}, {"pk": 49, "model": "cartograms.cartogramentity", "fields": {"status": true, "entity_id": "48457", "name": "Tyler", "cartogram": 1}}, {"pk": 50, "model": "cartograms.cartogramentity", "fields": {"status": true, "entity_id": "48465", "name": "Val Verde", "cartogram": 1}}, {"pk": 51, "model": "cartograms.cartogramentity", "fields": {"status": true, "entity_id": "48049", "name": "Brown", "cartogram": 1}}, {"pk": 52, "model": "cartograms.cartogramentity", "fields": {"status": true, "entity_id": "48367", "name": "Parker", "cartogram": 1}}, {"pk": 53, "model": "cartograms.cartogramentity", "fields": {"status": true, "entity_id": "48201", "name": "Harris", "cartogram": 1}}, {"pk": 54, "model": "cartograms.cartogramentity", "fields": {"status": true, "entity_id": "48505", "name": "Zapata", "cartogram": 1}}, {"pk": 55, "model": "cartograms.cartogramentity", "fields": {"status": true, "entity_id": "48387", "name": "Red River", "cartogram": 1}}, {"pk": 56, "model": "cartograms.cartogramentity", "fields": {"status": true, "entity_id": "48255", "name": "Karnes", "cartogram": 1}}, {"pk": 57, "model": "cartograms.cartogramentity", "fields": {"status": true, "entity_id": "48363", "name": "Palo Pinto", "cartogram": 1}}, {"pk": 58, "model": "cartograms.cartogramentity", "fields": {"status": true, "entity_id": "48173", "name": "Glasscock", "cartogram": 1}}, {"pk": 59, "model": "cartograms.cartogramentity", "fields": {"status": true, "entity_id": "48419", "name": "Shelby", "cartogram": 1}}, {"pk": 60, "model": "cartograms.cartogramentity", "fields": {"status": true, "entity_id": "48499", "name": "Wood", "cartogram": 1}}, {"pk": 61, "model": "cartograms.cartogramentity", "fields": {"status": true, "entity_id": "48107", "name": "Crosby", "cartogram": 1}}, {"pk": 62, "model": "cartograms.cartogramentity", "fields": {"status": true, "entity_id": "48391", "name": "Refugio", "cartogram": 1}}, {"pk": 63, "model": "cartograms.cartogramentity", "fields": {"status": true, "entity_id": "48053", "name": "Burnet", "cartogram": 1}}, {"pk": 64, "model": "cartograms.cartogramentity", "fields": {"status": true, "entity_id": "48431", "name": "Sterling", "cartogram": 1}}, {"pk": 65, "model": "cartograms.cartogramentity", "fields": {"status": true, "entity_id": "48339", "name": "Montgomery", "cartogram": 1}}, {"pk": 66, "model": "cartograms.cartogramentity", "fields": {"status": true, "entity_id": "48405", "name": "San Augustine", "cartogram": 1}}, {"pk": 67, "model": "cartograms.cartogramentity", "fields": {"status": true, "entity_id": "48379", "name": "Rains", "cartogram": 1}}, {"pk": 68, "model": "cartograms.cartogramentity", "fields": {"status": true, "entity_id": "48355", "name": "Nueces", "cartogram": 1}}, {"pk": 69, "model": "cartograms.cartogramentity", "fields": {"status": true, "entity_id": "48237", "name": "Jack", "cartogram": 1}}, {"pk": 70, "model": "cartograms.cartogramentity", "fields": {"status": true, "entity_id": "48437", "name": "Swisher", "cartogram": 1}}, {"pk": 71, "model": "cartograms.cartogramentity", "fields": {"status": true, "entity_id": "48063", "name": "Camp", "cartogram": 1}}, {"pk": 72, "model": "cartograms.cartogramentity", "fields": {"status": true, "entity_id": "48041", "name": "Brazos", "cartogram": 1}}, {"pk": 73, "model": "cartograms.cartogramentity", "fields": {"status": true, "entity_id": "48361", "name": "Orange", "cartogram": 1}}, {"pk": 74, "model": "cartograms.cartogramentity", "fields": {"status": true, "entity_id": "48089", "name": "Colorado", "cartogram": 1}}, {"pk": 75, "model": "cartograms.cartogramentity", "fields": {"status": true, "entity_id": "48371", "name": "Pecos", "cartogram": 1}}, {"pk": 76, "model": "cartograms.cartogramentity", "fields": {"status": true, "entity_id": "48079", "name": "Cochran", "cartogram": 1}}, {"pk": 77, "model": "cartograms.cartogramentity", "fields": {"status": true, "entity_id": "48369", "name": "Parmer", "cartogram": 1}}, {"pk": 78, "model": "cartograms.cartogramentity", "fields": {"status": true, "entity_id": "48161", "name": "Freestone", "cartogram": 1}}, {"pk": 79, "model": "cartograms.cartogramentity", "fields": {"status": true, "entity_id": "48495", "name": "Winkler", "cartogram": 1}}, {"pk": 80, "model": "cartograms.cartogramentity", "fields": {"status": true, "entity_id": "48485", "name": "Wichita", "cartogram": 1}}, {"pk": 81, "model": "cartograms.cartogramentity", "fields": {"status": true, "entity_id": "48179", "name": "Gray", "cartogram": 1}}, {"pk": 82, "model": "cartograms.cartogramentity", "fields": {"status": true, "entity_id": "48413", "name": "Schleicher", "cartogram": 1}}, {"pk": 83, "model": "cartograms.cartogramentity", "fields": {"status": true, "entity_id": "48197", "name": "Hardeman", "cartogram": 1}}, {"pk": 84, "model": "cartograms.cartogramentity", "fields": {"status": true, "entity_id": "48453", "name": "Travis", "cartogram": 1}}, {"pk": 85, "model": "cartograms.cartogramentity", "fields": {"status": true, "entity_id": "48171", "name": "Gillespie", "cartogram": 1}}, {"pk": 86, "model": "cartograms.cartogramentity", "fields": {"status": true, "entity_id": "48501", "name": "Yoakum", "cartogram": 1}}, {"pk": 87, "model": "cartograms.cartogramentity", "fields": {"status": true, "entity_id": "48149", "name": "Fayette", "cartogram": 1}}, {"pk": 88, "model": "cartograms.cartogramentity", "fields": {"status": true, "entity_id": "48463", "name": "Uvalde", "cartogram": 1}}, {"pk": 89, "model": "cartograms.cartogramentity", "fields": {"status": true, "entity_id": "48185", "name": "Grimes", "cartogram": 1}}, {"pk": 90, "model": "cartograms.cartogramentity", "fields": {"status": true, "entity_id": "48467", "name": "Van Zandt", "cartogram": 1}}, {"pk": 91, "model": "cartograms.cartogramentity", "fields": {"status": true, "entity_id": "48447", "name": "Throckmorton", "cartogram": 1}}, {"pk": 92, "model": "cartograms.cartogramentity", "fields": {"status": true, "entity_id": "48145", "name": "Falls", "cartogram": 1}}, {"pk": 93, "model": "cartograms.cartogramentity", "fields": {"status": true, "entity_id": "48181", "name": "Grayson", "cartogram": 1}}, {"pk": 94, "model": "cartograms.cartogramentity", "fields": {"status": true, "entity_id": "48139", "name": "Ellis", "cartogram": 1}}, {"pk": 95, "model": "cartograms.cartogramentity", "fields": {"status": true, "entity_id": "48191", "name": "Hall", "cartogram": 1}}, {"pk": 96, "model": "cartograms.cartogramentity", "fields": {"status": true, "entity_id": "48125", "name": "Dickens", "cartogram": 1}}, {"pk": 97, "model": "cartograms.cartogramentity", "fields": {"status": true, "entity_id": "48455", "name": "Trinity", "cartogram": 1}}, {"pk": 98, "model": "cartograms.cartogramentity", "fields": {"status": true, "entity_id": "48389", "name": "Reeves", "cartogram": 1}}, {"pk": 99, "model": "cartograms.cartogramentity", "fields": {"status": true, "entity_id": "48315", "name": "Marion", "cartogram": 1}}, {"pk": 100, "model": "cartograms.cartogramentity", "fields": {"status": true, "entity_id": "48443", "name": "Terrell", "cartogram": 1}}, {"pk": 101, "model": "cartograms.cartogramentity", "fields": {"status": true, "entity_id": "48305", "name": "Lynn", "cartogram": 1}}, {"pk": 102, "model": "cartograms.cartogramentity", "fields": {"status": true, "entity_id": "48283", "name": "La Salle", "cartogram": 1}}, {"pk": 103, "model": "cartograms.cartogramentity", "fields": {"status": true, "entity_id": "48241", "name": "Jasper", "cartogram": 1}}, {"pk": 104, "model": "cartograms.cartogramentity", "fields": {"status": true, "entity_id": "48253", "name": "Jones", "cartogram": 1}}, {"pk": 105, "model": "cartograms.cartogramentity", "fields": {"status": true, "entity_id": "48069", "name": "Castro", "cartogram": 1}}, {"pk": 106, "model": "cartograms.cartogramentity", "fields": {"status": true, "entity_id": "48469", "name": "Victoria", "cartogram": 1}}, {"pk": 107, "model": "cartograms.cartogramentity", "fields": {"status": true, "entity_id": "48273", "name": "Kleberg", "cartogram": 1}}, {"pk": 108, "model": "cartograms.cartogramentity", "fields": {"status": true, "entity_id": "48045", "name": "Briscoe", "cartogram": 1}}, {"pk": 109, "model": "cartograms.cartogramentity", "fields": {"status": true, "entity_id": "48077", "name": "Clay", "cartogram": 1}}, {"pk": 110, "model": "cartograms.cartogramentity", "fields": {"status": true, "entity_id": "48321", "name": "Matagorda", "cartogram": 1}}, {"pk": 111, "model": "cartograms.cartogramentity", "fields": {"status": true, "entity_id": "48047", "name": "Brooks", "cartogram": 1}}, {"pk": 112, "model": "cartograms.cartogramentity", "fields": {"status": true, "entity_id": "48399", "name": "Runnels", "cartogram": 1}}, {"pk": 113, "model": "cartograms.cartogramentity", "fields": {"status": true, "entity_id": "48065", "name": "Carson", "cartogram": 1}}, {"pk": 114, "model": "cartograms.cartogramentity", "fields": {"status": true, "entity_id": "48291", "name": "Liberty", "cartogram": 1}}, {"pk": 115, "model": "cartograms.cartogramentity", "fields": {"status": true, "entity_id": "48287", "name": "Lee", "cartogram": 1}}, {"pk": 116, "model": "cartograms.cartogramentity", "fields": {"status": true, "entity_id": "48189", "name": "Hale", "cartogram": 1}}, {"pk": 117, "model": "cartograms.cartogramentity", "fields": {"status": true, "entity_id": "48029", "name": "Bexar", "cartogram": 1}}, {"pk": 118, "model": "cartograms.cartogramentity", "fields": {"status": true, "entity_id": "48169", "name": "Garza", "cartogram": 1}}, {"pk": 119, "model": "cartograms.cartogramentity", "fields": {"status": true, "entity_id": "48337", "name": "Montague", "cartogram": 1}}, {"pk": 120, "model": "cartograms.cartogramentity", "fields": {"status": true, "entity_id": "48461", "name": "Upton", "cartogram": 1}}, {"pk": 121, "model": "cartograms.cartogramentity", "fields": {"status": true, "entity_id": "48193", "name": "Hamilton", "cartogram": 1}}, {"pk": 122, "model": "cartograms.cartogramentity", "fields": {"status": true, "entity_id": "48151", "name": "Fisher", "cartogram": 1}}, {"pk": 123, "model": "cartograms.cartogramentity", "fields": {"status": true, "entity_id": "48115", "name": "Dawson", "cartogram": 1}}, {"pk": 124, "model": "cartograms.cartogramentity", "fields": {"status": true, "entity_id": "48127", "name": "Dimmit", "cartogram": 1}}, {"pk": 125, "model": "cartograms.cartogramentity", "fields": {"status": true, "entity_id": "48293", "name": "Limestone", "cartogram": 1}}, {"pk": 126, "model": "cartograms.cartogramentity", "fields": {"status": true, "entity_id": "48233", "name": "Hutchinson", "cartogram": 1}}, {"pk": 127, "model": "cartograms.cartogramentity", "fields": {"status": true, "entity_id": "48299", "name": "Llano", "cartogram": 1}}, {"pk": 128, "model": "cartograms.cartogramentity", "fields": {"status": true, "entity_id": "48377", "name": "Presidio", "cartogram": 1}}, {"pk": 129, "model": "cartograms.cartogramentity", "fields": {"status": true, "entity_id": "48133", "name": "Eastland", "cartogram": 1}}, {"pk": 130, "model": "cartograms.cartogramentity", "fields": {"status": true, "entity_id": "48403", "name": "Sabine", "cartogram": 1}}, {"pk": 131, "model": "cartograms.cartogramentity", "fields": {"status": true, "entity_id": "48481", "name": "Wharton", "cartogram": 1}}, {"pk": 132, "model": "cartograms.cartogramentity", "fields": {"status": true, "entity_id": "48401", "name": "Rusk", "cartogram": 1}}, {"pk": 133, "model": "cartograms.cartogramentity", "fields": {"status": true, "entity_id": "48439", "name": "Tarrant", "cartogram": 1}}, {"pk": 134, "model": "cartograms.cartogramentity", "fields": {"status": true, "entity_id": "48285", "name": "Lavaca", "cartogram": 1}}, {"pk": 135, "model": "cartograms.cartogramentity", "fields": {"status": true, "entity_id": "48075", "name": "Childress", "cartogram": 1}}, {"pk": 136, "model": "cartograms.cartogramentity", "fields": {"status": true, "entity_id": "48215", "name": "Hidalgo", "cartogram": 1}}, {"pk": 137, "model": "cartograms.cartogramentity", "fields": {"status": true, "entity_id": "48257", "name": "Kaufman", "cartogram": 1}}, {"pk": 138, "model": "cartograms.cartogramentity", "fields": {"status": true, "entity_id": "48341", "name": "Moore", "cartogram": 1}}, {"pk": 139, "model": "cartograms.cartogramentity", "fields": {"status": true, "entity_id": "48327", "name": "Menard", "cartogram": 1}}, {"pk": 140, "model": "cartograms.cartogramentity", "fields": {"status": true, "entity_id": "48137", "name": "Edwards", "cartogram": 1}}, {"pk": 141, "model": "cartograms.cartogramentity", "fields": {"status": true, "entity_id": "48409", "name": "San Patricio", "cartogram": 1}}, {"pk": 142, "model": "cartograms.cartogramentity", "fields": {"status": true, "entity_id": "48445", "name": "Terry", "cartogram": 1}}, {"pk": 143, "model": "cartograms.cartogramentity", "fields": {"status": true, "entity_id": "48105", "name": "Crockett", "cartogram": 1}}, {"pk": 144, "model": "cartograms.cartogramentity", "fields": {"status": true, "entity_id": "48225", "name": "Houston", "cartogram": 1}}, {"pk": 145, "model": "cartograms.cartogramentity", "fields": {"status": true, "entity_id": "48473", "name": "Waller", "cartogram": 1}}, {"pk": 146, "model": "cartograms.cartogramentity", "fields": {"status": true, "entity_id": "48081", "name": "Coke", "cartogram": 1}}, {"pk": 147, "model": "cartograms.cartogramentity", "fields": {"status": true, "entity_id": "48475", "name": "Ward", "cartogram": 1}}, {"pk": 148, "model": "cartograms.cartogramentity", "fields": {"status": true, "entity_id": "48449", "name": "Titus", "cartogram": 1}}, {"pk": 149, "model": "cartograms.cartogramentity", "fields": {"status": true, "entity_id": "48281", "name": "Lampasas", "cartogram": 1}}, {"pk": 150, "model": "cartograms.cartogramentity", "fields": {"status": true, "entity_id": "48207", "name": "Haskell", "cartogram": 1}}, {"pk": 151, "model": "cartograms.cartogramentity", "fields": {"status": true, "entity_id": "48317", "name": "Martin", "cartogram": 1}}, {"pk": 152, "model": "cartograms.cartogramentity", "fields": {"status": true, "entity_id": "48013", "name": "Atascosa", "cartogram": 1}}, {"pk": 153, "model": "cartograms.cartogramentity", "fields": {"status": true, "entity_id": "48211", "name": "Hemphill", "cartogram": 1}}, {"pk": 154, "model": "cartograms.cartogramentity", "fields": {"status": true, "entity_id": "48205", "name": "Hartley", "cartogram": 1}}, {"pk": 155, "model": "cartograms.cartogramentity", "fields": {"status": true, "entity_id": "48503", "name": "Young", "cartogram": 1}}, {"pk": 156, "model": "cartograms.cartogramentity", "fields": {"status": true, "entity_id": "48051", "name": "Burleson", "cartogram": 1}}, {"pk": 157, "model": "cartograms.cartogramentity", "fields": {"status": true, "entity_id": "48199", "name": "Hardin", "cartogram": 1}}, {"pk": 158, "model": "cartograms.cartogramentity", "fields": {"status": true, "entity_id": "48177", "name": "Gonzales", "cartogram": 1}}, {"pk": 159, "model": "cartograms.cartogramentity", "fields": {"status": true, "entity_id": "48311", "name": "McMullen", "cartogram": 1}}, {"pk": 160, "model": "cartograms.cartogramentity", "fields": {"status": true, "entity_id": "48143", "name": "Erath", "cartogram": 1}}, {"pk": 161, "model": "cartograms.cartogramentity", "fields": {"status": true, "entity_id": "48167", "name": "Galveston", "cartogram": 1}}, {"pk": 162, "model": "cartograms.cartogramentity", "fields": {"status": true, "entity_id": "48223", "name": "Hopkins", "cartogram": 1}}, {"pk": 163, "model": "cartograms.cartogramentity", "fields": {"status": true, "entity_id": "48309", "name": "McLennan", "cartogram": 1}}, {"pk": 164, "model": "cartograms.cartogramentity", "fields": {"status": true, "entity_id": "48313", "name": "Madison", "cartogram": 1}}, {"pk": 165, "model": "cartograms.cartogramentity", "fields": {"status": true, "entity_id": "48307", "name": "McCulloch", "cartogram": 1}}, {"pk": 166, "model": "cartograms.cartogramentity", "fields": {"status": true, "entity_id": "48129", "name": "Donley", "cartogram": 1}}, {"pk": 167, "model": "cartograms.cartogramentity", "fields": {"status": true, "entity_id": "48263", "name": "Kent", "cartogram": 1}}, {"pk": 168, "model": "cartograms.cartogramentity", "fields": {"status": true, "entity_id": "48385", "name": "Real", "cartogram": 1}}, {"pk": 169, "model": "cartograms.cartogramentity", "fields": {"status": true, "entity_id": "48435", "name": "Sutton", "cartogram": 1}}, {"pk": 170, "model": "cartograms.cartogramentity", "fields": {"status": true, "entity_id": "48329", "name": "Midland", "cartogram": 1}}, {"pk": 171, "model": "cartograms.cartogramentity", "fields": {"status": true, "entity_id": "48229", "name": "Hudspeth", "cartogram": 1}}, {"pk": 172, "model": "cartograms.cartogramentity", "fields": {"status": true, "entity_id": "48507", "name": "Zavala", "cartogram": 1}}, {"pk": 173, "model": "cartograms.cartogramentity", "fields": {"status": true, "entity_id": "48203", "name": "Harrison", "cartogram": 1}}, {"pk": 174, "model": "cartograms.cartogramentity", "fields": {"status": true, "entity_id": "48093", "name": "Comanche", "cartogram": 1}}, {"pk": 175, "model": "cartograms.cartogramentity", "fields": {"status": true, "entity_id": "48335", "name": "Mitchell", "cartogram": 1}}, {"pk": 176, "model": "cartograms.cartogramentity", "fields": {"status": true, "entity_id": "48349", "name": "Navarro", "cartogram": 1}}, {"pk": 177, "model": "cartograms.cartogramentity", "fields": {"status": true, "entity_id": "48103", "name": "Crane", "cartogram": 1}}, {"pk": 178, "model": "cartograms.cartogramentity", "fields": {"status": true, "entity_id": "48303", "name": "Lubbock", "cartogram": 1}}, {"pk": 179, "model": "cartograms.cartogramentity", "fields": {"status": true, "entity_id": "48497", "name": "Wise", "cartogram": 1}}, {"pk": 180, "model": "cartograms.cartogramentity", "fields": {"status": true, "entity_id": "48477", "name": "Washington", "cartogram": 1}}, {"pk": 181, "model": "cartograms.cartogramentity", "fields": {"status": true, "entity_id": "48243", "name": "Jeff Davis", "cartogram": 1}}, {"pk": 182, "model": "cartograms.cartogramentity", "fields": {"status": true, "entity_id": "48141", "name": "El Paso", "cartogram": 1}}, {"pk": 183, "model": "cartograms.cartogramentity", "fields": {"status": true, "entity_id": "48183", "name": "Gregg", "cartogram": 1}}, {"pk": 184, "model": "cartograms.cartogramentity", "fields": {"status": true, "entity_id": "48491", "name": "Williamson", "cartogram": 1}}, {"pk": 185, "model": "cartograms.cartogramentity", "fields": {"status": true, "entity_id": "48295", "name": "Lipscomb", "cartogram": 1}}, {"pk": 186, "model": "cartograms.cartogramentity", "fields": {"status": true, "entity_id": "48319", "name": "Mason", "cartogram": 1}}, {"pk": 187, "model": "cartograms.cartogramentity", "fields": {"status": true, "entity_id": "48213", "name": "Henderson", "cartogram": 1}}, {"pk": 188, "model": "cartograms.cartogramentity", "fields": {"status": true, "entity_id": "48195", "name": "Hansford", "cartogram": 1}}, {"pk": 189, "model": "cartograms.cartogramentity", "fields": {"status": true, "entity_id": "48071", "name": "Chambers", "cartogram": 1}}, {"pk": 190, "model": "cartograms.cartogramentity", "fields": {"status": true, "entity_id": "48217", "name": "Hill", "cartogram": 1}}, {"pk": 191, "model": "cartograms.cartogramentity", "fields": {"status": true, "entity_id": "48375", "name": "Potter", "cartogram": 1}}, {"pk": 192, "model": "cartograms.cartogramentity", "fields": {"status": true, "entity_id": "48249", "name": "Jim Wells", "cartogram": 1}}, {"pk": 193, "model": "cartograms.cartogramentity", "fields": {"status": true, "entity_id": "48119", "name": "Delta", "cartogram": 1}}, {"pk": 194, "model": "cartograms.cartogramentity", "fields": {"status": true, "entity_id": "48433", "name": "Stonewall", "cartogram": 1}}, {"pk": 195, "model": "cartograms.cartogramentity", "fields": {"status": true, "entity_id": "48135", "name": "Ector", "cartogram": 1}}, {"pk": 196, "model": "cartograms.cartogramentity", "fields": {"status": true, "entity_id": "48061", "name": "Cameron", "cartogram": 1}}, {"pk": 197, "model": "cartograms.cartogramentity", "fields": {"status": true, "entity_id": "48323", "name": "Maverick", "cartogram": 1}}, {"pk": 198, "model": "cartograms.cartogramentity", "fields": {"status": true, "entity_id": "48085", "name": "Collin", "cartogram": 1}}, {"pk": 199, "model": "cartograms.cartogramentity", "fields": {"status": true, "entity_id": "48023", "name": "Baylor", "cartogram": 1}}, {"pk": 200, "model": "cartograms.cartogramentity", "fields": {"status": true, "entity_id": "48365", "name": "Panola", "cartogram": 1}}, {"pk": 201, "model": "cartograms.cartogramentity", "fields": {"status": true, "entity_id": "48187", "name": "Guadalupe", "cartogram": 1}}, {"pk": 202, "model": "cartograms.cartogramentity", "fields": {"status": true, "entity_id": "48021", "name": "Bastrop", "cartogram": 1}}, {"pk": 203, "model": "cartograms.cartogramentity", "fields": {"status": true, "entity_id": "48015", "name": "Austin", "cartogram": 1}}, {"pk": 204, "model": "cartograms.cartogramentity", "fields": {"status": true, "entity_id": "48003", "name": "Andrews", "cartogram": 1}}, {"pk": 205, "model": "cartograms.cartogramentity", "fields": {"status": true, "entity_id": "48001", "name": "Anderson", "cartogram": 1}}, {"pk": 206, "model": "cartograms.cartogramentity", "fields": {"status": true, "entity_id": "48031", "name": "Blanco", "cartogram": 1}}, {"pk": 207, "model": "cartograms.cartogramentity", "fields": {"status": true, "entity_id": "48123", "name": "DeWitt", "cartogram": 1}}, {"pk": 208, "model": "cartograms.cartogramentity", "fields": {"status": true, "entity_id": "48019", "name": "Bandera", "cartogram": 1}}, {"pk": 209, "model": "cartograms.cartogramentity", "fields": {"status": true, "entity_id": "48027", "name": "Bell", "cartogram": 1}}, {"pk": 210, "model": "cartograms.cartogramentity", "fields": {"status": true, "entity_id": "48007", "name": "Aransas", "cartogram": 1}}, {"pk": 211, "model": "cartograms.cartogramentity", "fields": {"status": true, "entity_id": "48009", "name": "Archer", "cartogram": 1}}, {"pk": 212, "model": "cartograms.cartogramentity", "fields": {"status": true, "entity_id": "48011", "name": "Armstrong", "cartogram": 1}}, {"pk": 213, "model": "cartograms.cartogramentity", "fields": {"status": true, "entity_id": "48025", "name": "Bee", "cartogram": 1}}, {"pk": 214, "model": "cartograms.cartogramentity", "fields": {"status": true, "entity_id": "48005", "name": "Angelina", "cartogram": 1}}, {"pk": 215, "model": "cartograms.cartogramentity", "fields": {"status": true, "entity_id": "48017", "name": "Bailey", "cartogram": 1}}, {"pk": 216, "model": "cartograms.cartogramentity", "fields": {"status": true, "entity_id": "48245", "name": "Jefferson", "cartogram": 1}}, {"pk": 217, "model": "cartograms.cartogramentity", "fields": {"status": true, "entity_id": "48163", "name": "Frio", "cartogram": 1}}, {"pk": 218, "model": "cartograms.cartogramentity", "fields": {"status": true, "entity_id": "48147", "name": "Fannin", "cartogram": 1}}, {"pk": 219, "model": "cartograms.cartogramentity", "fields": {"status": true, "entity_id": "48175", "name": "Goliad", "cartogram": 1}}, {"pk": 220, "model": "cartograms.cartogramentity", "fields": {"status": true, "entity_id": "48301", "name": "Loving", "cartogram": 1}}, {"pk": 221, "model": "cartograms.cartogramentity", "fields": {"status": true, "entity_id": "48067", "name": "Cass", "cartogram": 1}}, {"pk": 222, "model": "cartograms.cartogramentity", "fields": {"status": true, "entity_id": "48157", "name": "Fort Bend", "cartogram": 1}}, {"pk": 223, "model": "cartograms.cartogramentity", "fields": {"status": true, "entity_id": "48035", "name": "Bosque", "cartogram": 1}}, {"pk": 224, "model": "cartograms.cartogramentity", "fields": {"status": true, "entity_id": "48219", "name": "Hockley", "cartogram": 1}}, {"pk": 225, "model": "cartograms.cartogramentity", "fields": {"status": true, "entity_id": "48411", "name": "San Saba", "cartogram": 1}}, {"pk": 226, "model": "cartograms.cartogramentity", "fields": {"status": true, "entity_id": "48265", "name": "Kerr", "cartogram": 1}}, {"pk": 227, "model": "cartograms.cartogramentity", "fields": {"status": true, "entity_id": "48333", "name": "Mills", "cartogram": 1}}, {"pk": 228, "model": "cartograms.cartogramentity", "fields": {"status": true, "entity_id": "48097", "name": "Cooke", "cartogram": 1}}, {"pk": 229, "model": "cartograms.cartogramentity", "fields": {"status": true, "entity_id": "48487", "name": "Wilbarger", "cartogram": 1}}, {"pk": 230, "model": "cartograms.cartogramentity", "fields": {"status": true, "entity_id": "48235", "name": "Irion", "cartogram": 1}}, {"pk": 231, "model": "cartograms.cartogramentity", "fields": {"status": true, "entity_id": "48055", "name": "Caldwell", "cartogram": 1}}, {"pk": 232, "model": "cartograms.cartogramentity", "fields": {"status": true, "entity_id": "48247", "name": "Jim Hogg", "cartogram": 1}}, {"pk": 233, "model": "cartograms.cartogramentity", "fields": {"status": true, "entity_id": "48109", "name": "Culberson", "cartogram": 1}}, {"pk": 234, "model": "cartograms.cartogramentity", "fields": {"status": true, "entity_id": "48459", "name": "Upshur", "cartogram": 1}}, {"pk": 235, "model": "cartograms.cartogramentity", "fields": {"status": true, "entity_id": "48073", "name": "Cherokee", "cartogram": 1}}, {"pk": 236, "model": "cartograms.cartogramentity", "fields": {"status": true, "entity_id": "48121", "name": "Denton", "cartogram": 1}}, {"pk": 237, "model": "cartograms.cartogramentity", "fields": {"status": true, "entity_id": "48095", "name": "Concho", "cartogram": 1}}, {"pk": 238, "model": "cartograms.cartogramentity", "fields": {"status": true, "entity_id": "48381", "name": "Randall", "cartogram": 1}}, {"pk": 239, "model": "cartograms.cartogramentity", "fields": {"status": true, "entity_id": "48267", "name": "Kimble", "cartogram": 1}}, {"pk": 240, "model": "cartograms.cartogramentity", "fields": {"status": true, "entity_id": "48275", "name": "Knox", "cartogram": 1}}, {"pk": 241, "model": "cartograms.cartogramentity", "fields": {"status": true, "entity_id": "48373", "name": "Polk", "cartogram": 1}}, {"pk": 242, "model": "cartograms.cartogramentity", "fields": {"status": true, "entity_id": "48221", "name": "Hood", "cartogram": 1}}, {"pk": 243, "model": "cartograms.cartogramentity", "fields": {"status": true, "entity_id": "48407", "name": "San Jacinto", "cartogram": 1}}, {"pk": 244, "model": "cartograms.cartogramentity", "fields": {"status": true, "entity_id": "48395", "name": "Robertson", "cartogram": 1}}, {"pk": 245, "model": "cartograms.cartogramentity", "fields": {"status": true, "entity_id": "48493", "name": "Wilson", "cartogram": 1}}, {"pk": 246, "model": "cartograms.cartogramentity", "fields": {"status": true, "entity_id": "48353", "name": "Nolan", "cartogram": 1}}, {"pk": 247, "model": "cartograms.cartogramentity", "fields": {"status": true, "entity_id": "48101", "name": "Cottle", "cartogram": 1}}, {"pk": 248, "model": "cartograms.cartogramentity", "fields": {"status": true, "entity_id": "48057", "name": "Calhoun", "cartogram": 1}}, {"pk": 249, "model": "cartograms.cartogramentity", "fields": {"status": true, "entity_id": "48397", "name": "Rockwall", "cartogram": 1}}, {"pk": 250, "model": "cartograms.cartogramentity", "fields": {"status": true, "entity_id": "48297", "name": "Live Oak", "cartogram": 1}}, {"pk": 251, "model": "cartograms.cartogramentity", "fields": {"status": true, "entity_id": "48345", "name": "Motley", "cartogram": 1}}, {"pk": 252, "model": "cartograms.cartogramentity", "fields": {"status": true, "entity_id": "48421", "name": "Sherman", "cartogram": 1}}, {"pk": 253, "model": "cartograms.cartogramentity", "fields": {"status": true, "entity_id": "48357", "name": "Ochiltree", "cartogram": 1}}, {"pk": 254, "model": "cartograms.cartogramentity", "fields": {"status": true, "entity_id": "48091", "name": "Comal", "cartogram": 1}}, {"pk": 1, "model": "choropleths.palette", "fields": {"status": false, "class_name": "YlOrRd", "scheme": 1, "name": "Yellow Orange Red"}}, {"pk": 2, "model": "choropleths.palette", "fields": {"status": false, "class_name": "YlOrBr", "scheme": 1, "name": "Yellow Orange Brown"}}, {"pk": 3, "model": "choropleths.palette", "fields": {"status": false, "class_name": "YlGnBu", "scheme": 1, "name": "Yellow Green Blue"}}, {"pk": 4, "model": "choropleths.palette", "fields": {"status": false, "class_name": "YlGn", "scheme": 1, "name": "Yellow Green"}}, {"pk": 5, "model": "choropleths.palette", "fields": {"status": false, "class_name": "Reds", "scheme": 1, "name": "Reds"}}, {"pk": 6, "model": "choropleths.palette", "fields": {"status": false, "class_name": "Purples", "scheme": 1, "name": "Purples"}}, {"pk": 7, "model": "choropleths.palette", "fields": {"status": false, "class_name": "PuRd", "scheme": 1, "name": "Purple Red"}}, {"pk": 8, "model": "choropleths.palette", "fields": {"status": false, "class_name": "PuBuGn", "scheme": 1, "name": "Purple Blue Green"}}, {"pk": 9, "model": "choropleths.palette", "fields": {"status": false, "class_name": "PuBu", "scheme": 1, "name": "Purple Blue"}}, {"pk": 10, "model": "choropleths.palette", "fields": {"status": false, "class_name": "OrRd", "scheme": 1, "name": "Orange Red"}}, {"pk": 11, "model": "choropleths.palette", "fields": {"status": false, "class_name": "Oranges", "scheme": 1, "name": "Oranges"}}, {"pk": 12, "model": "choropleths.palette", "fields": {"status": false, "class_name": "Greys", "scheme": 1, "name": "Greys"}}, {"pk": 13, "model": "choropleths.palette", "fields": {"status": false, "class_name": "Greens", "scheme": 1, "name": "Greens"}}, {"pk": 14, "model": "choropleths.palette", "fields": {"status": false, "class_name": "GnBu", "scheme": 1, "name": "Green Blue"}}, {"pk": 15, "model": "choropleths.palette", "fields": {"status": false, "class_name": "BuPu", "scheme": 1, "name": "Blue Purple"}}, {"pk": 16, "model": "choropleths.palette", "fields": {"status": false, "class_name": "BuGn", "scheme": 1, "name": "Blue Green"}}, {"pk": 17, "model": "choropleths.palette", "fields": {"status": false, "class_name": "Blues", "scheme": 1, "name": "Blues"}}, {"pk": 18, "model": "choropleths.palette", "fields": {"status": false, "class_name": "RdYlGn", "scheme": 2, "name": "Red Yellow Green"}}, {"pk": 19, "model": "choropleths.palette", "fields": {"status": false, "class_name": "RdYlBu", "scheme": 2, "name": "Red Yellow Blue"}}, {"pk": 20, "model": "choropleths.palette", "fields": {"status": false, "class_name": "RdGy", "scheme": 2, "name": "Red Grey"}}, {"pk": 21, "model": "choropleths.palette", "fields": {"status": false, "class_name": "RdBu", "scheme": 2, "name": "Red Blue"}}, {"pk": 22, "model": "choropleths.palette", "fields": {"status": false, "class_name": "PuOr", "scheme": 2, "name": "Purple Orange"}}, {"pk": 23, "model": "choropleths.palette", "fields": {"status": false, "class_name": "PiYG", "scheme": 2, "name": "Pink Yellow Green"}}, {"pk": 24, "model": "choropleths.palette", "fields": {"status": false, "class_name": "BrBG", "scheme": 2, "name": "Brown Blue Green"}}, {"pk": 25, "model": "choropleths.palette", "fields": {"status": false, "class_name": "Set1", "scheme": 3, "name": "Set 1"}}, {"pk": 26, "model": "choropleths.palette", "fields": {"status": false, "class_name": "Set2", "scheme": 3, "name": "Set 2"}}, {"pk": 27, "model": "choropleths.palette", "fields": {"status": false, "class_name": "Set3", "scheme": 3, "name": "Set 3"}}, {"pk": 28, "model": "choropleths.palette", "fields": {"status": false, "class_name": "Pastel1", "scheme": 3, "name": "Pastel 1"}}, {"pk": 29, "model": "choropleths.palette", "fields": {"status": false, "class_name": "Pastel2", "scheme": 3, "name": "Pastel 2"}}, {"pk": 30, "model": "choropleths.palette", "fields": {"status": false, "class_name": "Paired", "scheme": 3, "name": "Paired"}}, {"pk": 31, "model": "choropleths.palette", "fields": {"status": false, "class_name": "Dark2", "scheme": 3, "name": "Dark 2"}}, {"pk": 32, "model": "choropleths.palette", "fields": {"status": false, "class_name": "Accent", "scheme": 3, "name": "Accent"}}, {"pk": 1, "model": "auth.permission", "fields": {"codename": "add_logentry", "name": "Can add log entry", "content_type": 1}}, {"pk": 2, "model": "auth.permission", "fields": {"codename": "change_logentry", "name": "Can change log entry", "content_type": 1}}, {"pk": 3, "model": "auth.permission", "fields": {"codename": "delete_logentry", "name": "Can delete log entry", "content_type": 1}}, {"pk": 4, "model": "auth.permission", "fields": {"codename": "add_permission", "name": "Can add permission", "content_type": 2}}, {"pk": 5, "model": "auth.permission", "fields": {"codename": "change_permission", "name": "Can change permission", "content_type": 2}}, {"pk": 6, "model": "auth.permission", "fields": {"codename": "delete_permission", "name": "Can delete permission", "content_type": 2}}, {"pk": 7, "model": "auth.permission", "fields": {"codename": "add_group", "name": "Can add group", "content_type": 3}}, {"pk": 8, "model": "auth.permission", "fields": {"codename": "change_group", "name": "Can change group", "content_type": 3}}, {"pk": 9, "model": "auth.permission", "fields": {"codename": "delete_group", "name": "Can delete group", "content_type": 3}}, {"pk": 10, "model": "auth.permission", "fields": {"codename": "add_user", "name": "Can add user", "content_type": 4}}, {"pk": 11, "model": "auth.permission", "fields": {"codename": "change_user", "name": "Can change user", "content_type": 4}}, {"pk": 12, "model": "auth.permission", "fields": {"codename": "delete_user", "name": "Can delete user", "content_type": 4}}, {"pk": 13, "model": "auth.permission", "fields": {"codename": "add_contenttype", "name": "Can add content type", "content_type": 5}}, {"pk": 14, "model": "auth.permission", "fields": {"codename": "change_contenttype", "name": "Can change content type", "content_type": 5}}, {"pk": 15, "model": "auth.permission", "fields": {"codename": "delete_contenttype", "name": "Can delete content type", "content_type": 5}}, {"pk": 16, "model": "auth.permission", "fields": {"codename": "add_session", "name": "Can add session", "content_type": 6}}, {"pk": 17, "model": "auth.permission", "fields": {"codename": "change_session", "name": "Can change session", "content_type": 6}}, {"pk": 18, "model": "auth.permission", "fields": {"codename": "delete_session", "name": "Can delete session", "content_type": 6}}, {"pk": 19, "model": "auth.permission", "fields": {"codename": "add_migrationhistory", "name": "Can add migration history", "content_type": 7}}, {"pk": 20, "model": "auth.permission", "fields": {"codename": "change_migrationhistory", "name": "Can change migration history", "content_type": 7}}, {"pk": 21, "model": "auth.permission", "fields": {"codename": "delete_migrationhistory", "name": "Can delete migration history", "content_type": 7}}, {"pk": 22, "model": "auth.permission", "fields": {"codename": "add_dataset", "name": "Can add dataset", "content_type": 8}}, {"pk": 23, "model": "auth.permission", "fields": {"codename": "change_dataset", "name": "Can change dataset", "content_type": 8}}, {"pk": 24, "model": "auth.permission", "fields": {"codename": "delete_dataset", "name": "Can delete dataset", "content_type": 8}}, {"pk": 25, "model": "auth.permission", "fields": {"codename": "add_datasetdocument", "name": "Can add dataset document", "content_type": 9}}, {"pk": 26, "model": "auth.permission", "fields": {"codename": "change_datasetdocument", "name": "Can change dataset document", "content_type": 9}}, {"pk": 27, "model": "auth.permission", "fields": {"codename": "delete_datasetdocument", "name": "Can delete dataset document", "content_type": 9}}, {"pk": 28, "model": "auth.permission", "fields": {"codename": "add_datasetrecord", "name": "Can add dataset record", "content_type": 10}}, {"pk": 29, "model": "auth.permission", "fields": {"codename": "change_datasetrecord", "name": "Can change dataset record", "content_type": 10}}, {"pk": 30, "model": "auth.permission", "fields": {"codename": "delete_datasetrecord", "name": "Can delete dataset record", "content_type": 10}}, {"pk": 31, "model": "auth.permission", "fields": {"codename": "add_cartogram", "name": "Can add cartogram", "content_type": 11}}, {"pk": 32, "model": "auth.permission", "fields": {"codename": "change_cartogram", "name": "Can change cartogram", "content_type": 11}}, {"pk": 33, "model": "auth.permission", "fields": {"codename": "delete_cartogram", "name": "Can delete cartogram", "content_type": 11}}, {"pk": 34, "model": "auth.permission", "fields": {"codename": "add_cartogramentity", "name": "Can add cartogram entity", "content_type": 12}}, {"pk": 35, "model": "auth.permission", "fields": {"codename": "change_cartogramentity", "name": "Can change cartogram entity", "content_type": 12}}, {"pk": 36, "model": "auth.permission", "fields": {"codename": "delete_cartogramentity", "name": "Can delete cartogram entity", "content_type": 12}}, {"pk": 37, "model": "auth.permission", "fields": {"codename": "add_palette", "name": "Can add palette", "content_type": 13}}, {"pk": 38, "model": "auth.permission", "fields": {"codename": "change_palette", "name": "Can change palette", "content_type": 13}}, {"pk": 39, "model": "auth.permission", "fields": {"codename": "delete_palette", "name": "Can delete palette", "content_type": 13}}, {"pk": 40, "model": "auth.permission", "fields": {"codename": "add_choropleth", "name": "Can add choropleth", "content_type": 14}}, {"pk": 41, "model": "auth.permission", "fields": {"codename": "change_choropleth", "name": "Can change choropleth", "content_type": 14}}, {"pk": 42, "model": "auth.permission", "fields": {"codename": "delete_choropleth", "name": "Can delete choropleth", "content_type": 14}}, {"pk": 1, "model": "auth.user", "fields": {"username": "root", "first_name": "", "last_name": "", "is_active": true, "is_superuser": true, "is_staff": true, "last_login": "2014-08-26T21:06:26Z", "groups": [], "user_permissions": [], "password": "pbkdf2_sha256$12000$UGKVVLxd40Oi$1JtKffMxyH85SgWr8a3F/51725izlTJKM01a/NK9OLk=", "email": "", "date_joined": "2014-08-26T21:02:27Z"}}, {"pk": 1, "model": "datasets.dataset", "fields": {"status": false, "description": "Unemployment data from 2010.", "license": "L1", "created_at": "2014-08-26T21:06:58Z", "modified_at": "2014-08-26T21:07:14Z", "cartogram": 1, "published": 1, "owner": 1, "name": "Unemployment"}}, {"pk": 1, "model": "datasets.datasetdocument", "fields": {"status": false, "datafile": "datasets/2014/08/26/unemployment2.csv", "created_at": "2014-08-26T21:07:05Z", "modified_at": "2014-08-26T21:07:05Z", "dataset": 1, "owner": 1}}, {"pk": 1, "model": "choropleths.choropleth", "fields": {"status": false, "palette": 20, "scale": 0, "name": "Unemployment", "created_at": "2014-08-26T21:28:49Z", "modified_at": "2014-08-26T21:28:49Z", "dataset": 1, "data_classes": 9, "published": 1, "owner": 1, "scheme": 2, "description": ""}}]